frame,tick,round,killer name,killer steamid,killer side,killer team name,victim name,victim steamid,victim side,victim team name,assister name,assister steamid,assister side,assister team name,weapon name,weapon_type,headshot,penetrated objects,is flash assist,killer controlling bot,victim controlling bot,assister controlling bot,killer x,killer y,killer z,is killer airborne,is killer blinded,victim x,victim y,victim z,is victim airborne,is victim blinded,is victim inspecting weapon,assister x,assister y,assister z,is trade kill,is trade death,is through smoke,is no scope,distance,match checksum
4252,3462,1,NertZ,76561198053126645,3,Team A,b1t,76561198246607476,2,Team B,ultimate,76561198283989223,3,Team A,USP-S,pistol,1,0,1,0,0,0,1481.560669,916.019836,-145.914062,0,0,1344.752808,888.865112,-151.968750,0,1,0,932.035400,2163.967529,-39.968750,0,0,0,0,3.489471,324954a3ba732f18
4464,3639,1,NAF,76561198001151695,3,Team A,w0nderful,76561199063068840,2,Team B,ultimate,76561198283989223,3,Team A,Dual Berettas,pistol,0,0,1,0,0,0,-622.813599,159.449860,-95.968750,0,0,918.477051,165.259598,-188.273682,0,1,0,933.271790,2157.055176,-39.968750,0,1,0,0,39.119698,324954a3ba732f18
4595,3758,1,jL,76561198176878303,2,Team B,NAF,76561198001151695,3,Team A,,0,0,,Glock-18,pistol,1,0,0,0,0,0,-432.990845,137.788208,-119.968750,0,0,-519.271667,107.117432,-111.336121,0,0,0,0.000000,0.000000,0.000000,1,0,0,0,2.418899,324954a3ba732f18
6922,5803,1,NertZ,76561198053126645,3,Team A,Aleksib,76561198013243326,2,Team B,,0,0,,USP-S,pistol,1,0,0,0,0,0,1180.556396,577.120239,-148.968750,0,0,1282.844482,507.902740,2.031250,0,0,0,0.000000,0.000000,0.000000,0,0,0,0,4.923015,324954a3ba732f18
7831,6598,1,iM,76561198050250233,2,Team B,NertZ,76561198053126645,3,Team A,,0,0,,Glock-18,pistol,0,0,0,0,0,0,863.158508,-502.534607,-31.968750,0,0,822.064880,86.351402,-146.516602,0,0,0,0.000000,0.000000,0.000000,0,1,0,0,15.164683,324954a3ba732f18
8076,6818,1,ultimate,76561198283989223,3,Team A,iM,76561198050250233,2,Team B,,0,0,,USP-S,pistol,1,0,0,0,0,0,1297.394287,909.767456,-151.968750,0,0,747.156799,-44.481995,-109.877930,0,0,0,0.000000,0.000000,0.000000,1,0,0,0,27.980034,324954a3ba732f18
8745,7412,1,ultimate,76561198283989223,3,Team A,jL,76561198176878303,2,Team B,,0,0,,USP-S,pistol,1,0,0,0,0,0,822.463257,7.590183,-149.022583,0,0,505.780579,85.968597,-151.968750,0,0,0,0.000000,0.000000,0.000000,0,0,1,0,8.208471,324954a3ba732f18
16485,13774,2,siuhy,76561198150673360,3,Team A,jL,76561198176878303,2,Team B,,0,0,,FAMAS,rifle,0,0,0,0,0,0,-786.106934,259.569489,-55.968750,0,0,-501.887207,75.412094,-119.968750,0,0,0,0.000000,0.000000,0.000000,0,1,0,0,8.827243,324954a3ba732f18
16509,13794,2,b1t,76561198246607476,2,Team B,siuhy,76561198150673360,3,Team A,,0,0,,Desert Eagle,pistol,1,0,0,0,0,0,-486.858337,99.449486,-119.968750,0,0,-777.107239,274.890228,-55.968750,0,0,0,0.000000,0.000000,0.000000,1,1,0,0,8.768113,324954a3ba732f18
16652,13918,2,ultimate,76561198283989223,3,Team A,b1t,76561198246607476,2,Team B,,0,0,,M4A4,rifle,1,0,0,0,0,0,-674.988770,417.650208,-55.968750,0,0,-620.171936,68.605743,-95.968750,0,0,0,0.000000,0.000000,0.000000,1,0,0,0,9.072463,324954a3ba732f18
16719,13974,2,ultimate,76561198283989223,3,Team A,w0nderful,76561199063068840,2,Team B,,0,0,,M4A4,rifle,0,1,0,0,0,0,-698.190002,406.551971,-55.968750,0,0,-546.543945,132.573792,-93.968750,0,0,0,0.000000,0.000000,0.000000,0,0,0,0,8.034258,324954a3ba732f18
16971,14187,2,NAF,76561198001151695,3,Team A,iM,76561198050250233,2,Team B,,0,0,,MP9,smg,1,0,0,0,0,0,-856.057190,1107.756470,36.031246,0,0,-1075.024414,824.786072,-3.968750,0,0,0,0.000000,0.000000,0.000000,0,0,0,0,9.163492,324954a3ba732f18
17112,14313,2,ultimate,76561198283989223,3,Team A,Aleksib,76561198013243326,2,Team B,,0,0,,M4A4,rifle,1,0,0,0,0,0,-732.219849,313.108856,-55.968750,0,0,-1170.513794,308.608124,-10.847778,0,0,0,0.000000,0.000000,0.000000,0,0,0,0,11.131299,324954a3ba732f18
24698,20243,3,iM,76561198050250233,2,Team B,NAF,76561198001151695,3,Team A,,0,0,,AK-47,rifle,1,0,0,0,0,0,-707.327087,-670.868225,106.031265,0,0,-1111.026245,-312.718628,1.374683,0,0,0,0.000000,0.000000,0.000000,0,0,0,0,13.969322,324954a3ba732f18
25627,21053,3,jL,76561198176878303,2,Team B,ultimate,76561198283989223,3,Team A,,0,0,,AK-47,rifle,1,0,0,0,0,0,-38.672485,1496.318359,15.256946,0,0,-370.692261,2068.703369,16.363686,0,0,0,0.000000,0.000000,0.000000,0,0,0,0,16.807505,324954a3ba732f18
26052,21423,3,siuhy,76561198150673360,3,Team A,iM,76561198050250233,2,Team B,NAF,76561198001151695,3,Team A,M4A4,rifle,0,0,0,0,0,0,-1750.692383,216.508118,1.374682,0,0,-1261.757690,-177.312988,1.103694,0,0,0,-1111.903687,-313.713196,1.374683,0,1,0,0,15.943772,324954a3ba732f18
26068,21436,3,Aleksib,76561198013243326,2,Team B,siuhy,76561198150673360,3,Team A,,0,0,,AK-47,rifle,0,0,0,0,0,0,-757.968750,1193.967285,48.031250,0,0,-1750.692383,216.508118,1.374682,0,0,0,0.000000,0.000000,0.000000,1,0,0,0,35.401691,324954a3ba732f18
27333,22555,3,jL,76561198176878303,2,Team B,Twistzz,76561198016255205,3,Team A,,0,0,,AK-47,rifle,0,0,0,0,0,0,252.807220,2494.257324,-155.529175,0,0,517.187622,1954.161011,-38.968750,0,0,0,0.000000,0.000000,0.000000,0,0,0,0,15.608714,324954a3ba732f18
33661,27566,4,siuhy,76561198150673360,3,Team A,jL,76561198176878303,2,Team B,,0,0,,MP9,smg,0,0,0,0,0,0,-779.895020,285.898590,-55.968750,0,0,-369.077515,69.689606,-119.968750,0,0,0,0.000000,0.000000,0.000000,0,1,0,0,11.908710,324954a3ba732f18
33707,27605,4,b1t,76561198246607476,2,Team B,siuhy,76561198150673360,3,Team A,jL,76561198176878303,2,Team B,AK-47,rifle,0,0,0,0,0,0,-407.751465,84.105988,-119.968750,0,0,-786.089233,275.195526,-55.968750,0,0,0,-369.077515,69.689606,-119.968750,1,0,0,0,10.889401,324954a3ba732f18
34002,27846,4,ultimate,76561198283989223,3,Team A,iM,76561198050250233,2,Team B,NAF,76561198001151695,3,Team A,M4A1,rifle,0,0,0,0,0,0,-1098.426514,823.463196,-3.968750,0,0,-1855.312622,215.118439,58.031250,0,0,0,-687.754028,698.353699,38.031250,0,0,0,0,24.716377,324954a3ba732f18
35221,28903,4,b1t,76561198246607476,2,Team B,NAF,76561198001151695,3,Team A,,0,0,,AK-47,rifle,0,0,0,0,0,0,-1148.215454,255.056076,-22.968750,0,0,-864.993652,783.708984,35.031254,0,0,0,0.000000,0.000000,0.000000,0,1,0,0,15.297244,324954a3ba732f18
35251,28929,4,NertZ,76561198053126645,3,Team A,w0nderful,76561199063068840,2,Team B,,0,0,,M4A4,rifle,1,0,0,0,0,0,1145.006714,934.225586,-88.426697,0,0,743.033203,-26.344360,-121.686035,0,0,0,0.000000,0.000000,0.000000,0,0,0,0,26.510859,324954a3ba732f18
35255,28933,4,ultimate,76561198283989223,3,Team A,b1t,76561198246607476,2,Team B,NAF,76561198001151695,3,Team A,M4A1,rifle,0,0,0,0,0,0,-1303.074097,979.273743,0.031250,0,0,-1160.192505,262.375610,-18.158691,0,0,0,-864.705933,783.562805,35.031254,1,0,1,0,18.615503,324954a3ba732f18
37340,30755,4,NertZ,76561198053126645,3,Team A,Aleksib,76561198013243326,2,Team B,,0,0,,AK-47,rifle,1,0,0,0,0,0,-1422.979492,-184.110901,112.031250,0,0,-1533.205444,-146.280884,32.031250,0,0,0,0.000000,0.000000,0.000000,0,0,0,0,3.634371,324954a3ba732f18
45275,37113,5,jL,76561198176878303,2,Team B,ultimate,76561198283989223,3,Team A,,0,0,,AK-47,rifle,1,0,0,0,0,0,-446.971436,305.968658,-119.968750,0,0,-346.031250,46.032116,-119.968750,0,0,0,0.000000,0.000000,0.000000,0,0,0,0,7.082726,324954a3ba732f18
45477,37281,5,Twistzz,76561198016255205,3,Team A,b1t,76561198246607476,2,Team B,,0,0,,AK-47,rifle,1,0,0,0,0,0,1573.755249,1002.945374,-145.968750,0,0,1016.369507,724.377808,-188.833618,0,0,0,0.000000,0.000000,0.000000,0,0,0,0,15.874421,324954a3ba732f18
45907,37638,5,NertZ,76561198053126645,3,Team A,jL,76561198176878303,2,Team B,NAF,76561198001151695,3,Team A,AK-47,rifle,1,0,0,0,0,0,1166.468384,249.276016,-145.968750,0,0,-445.012024,244.283859,-119.968750,0,0,0,-608.054138,241.575928,-95.968750,0,0,0,0,40.937050,324954a3ba732f18
48326,39790,5,siuhy,76561198150673360,3,Team A,iM,76561198050250233,2,Team B,,0,0,,M4A1,rifle,1,0,0,0,0,0,-661.192688,166.991287,-95.968750,0,0,-1310.707031,748.062378,0.031250,0,0,0,0.000000,0.000000,0.000000,0,0,1,0,22.325014,324954a3ba732f18
49674,40956,5,Aleksib,76561198013243326,2,Team B,NertZ,76561198053126645,3,Team A,jL,76561198176878303,2,Team B,HE Grenade,grenade,0,0,0,0,0,0,-471.677246,1081.640015,58.551487,0,0,0.397916,1614.030273,-10.483582,0,0,0,-445.012024,244.283859,-119.968750,0,0,0,0,18.199570,324954a3ba732f18
50150,41360,5,w0nderful,76561199063068840,2,Team B,siuhy,76561198150673360,3,Team A,iM,76561198050250233,2,Team B,AWP,sniper,0,0,0,0,0,0,-678.652405,791.341064,38.031250,0,0,-905.342407,428.934998,-3.700073,0,0,0,-1310.707031,748.062378,0.031250,0,0,0,0,10.928484,324954a3ba732f18
50289,41474,5,w0nderful,76561199063068840,2,Team B,NAF,76561198001151695,3,Team A,jL,76561198176878303,2,Team B,AWP,sniper,0,0,0,0,0,0,-840.189941,770.427368,35.031250,0,1,-900.793274,339.309692,-55.968750,0,0,0,-445.012024,244.283859,-119.968750,0,0,0,0,11.273151,324954a3ba732f18
50779,41914,5,w0nderful,76561199063068840,2,Team B,Twistzz,76561198016255205,3,Team A,b1t,76561198246607476,2,Team B,AWP,sniper,0,0,0,0,0,0,-593.119873,547.292542,38.031246,0,0,-1551.896240,558.809875,19.474142,0,0,0,1016.369507,724.377808,-188.833618,0,0,0,0,24.368366,324954a3ba732f18
58951,48482,6,siuhy,76561198150673360,3,Team A,b1t,76561198246607476,2,Team B,NertZ,76561198053126645,3,Team A,MP9,smg,1,0,0,0,0,0,1766.397705,1569.216919,-151.968750,0,0,1562.473755,1097.833496,-145.968750,0,0,0,1624.671631,1445.898560,-151.968750,0,0,0,0,13.014073,324954a3ba732f18
58995,48519,6,ultimate,76561198283989223,3,Team A,iM,76561198050250233,2,Team B,siuhy,76561198150673360,3,Team A,Desert Eagle,pistol,1,0,0,0,0,0,1740.887695,1417.239502,-151.968750,0,0,1435.106689,830.001099,-151.968750,0,0,0,1773.180664,1541.797363,-151.968750,0,1,0,0,16.816889,324954a3ba732f18
59069,48579,6,jL,76561198176878303,2,Team B,ultimate,76561198283989223,3,Team A,iM,76561198050250233,2,Team B,AK-47,rifle,0,1,0,0,0,0,1404.437988,884.524353,-151.968750,0,0,1759.778931,1390.974609,-148.075562,0,0,0,1435.106689,830.001099,-151.968750,1,0,0,0,15.744113,324954a3ba732f18
59404,48871,6,Aleksib,76561198013243326,2,Team B,NAF,76561198001151695,3,Team A,,0,0,,AK-47,rifle,1,0,0,0,0,0,356.082153,1148.478638,-23.924011,0,0,234.134323,1607.635742,-31.968750,0,0,0,0.000000,0.000000,0.000000,0,1,0,0,12.076601,324954a3ba732f18
59458,48916,6,Twistzz,76561198016255205,3,Team A,Aleksib,76561198013243326,2,Team B,NAF,76561198001151695,3,Team A,M4A1,rifle,0,0,0,0,0,0,510.559357,1360.582520,-31.968750,0,0,357.932312,1148.171509,-22.998901,0,0,0,233.722366,1607.543457,-31.968750,1,0,0,0,6.580881,324954a3ba732f18
60758,50028,6,siuhy,76561198150673360,3,Team A,w0nderful,76561199063068840,2,Team B,Twistzz,76561198016255205,3,Team A,HE Grenade,grenade,0,0,0,0,0,0,-413.602905,193.398087,-119.968750,0,0,-982.606384,267.131073,-22.968750,0,0,0,-878.240295,952.953552,35.031246,0,0,0,0,14.735401,324954a3ba732f18
60845,50103,6,jL,76561198176878303,2,Team B,Twistzz,76561198016255205,3,Team A,,0,0,,AK-47,rifle,0,0,0,0,0,0,-1221.800537,738.828918,0.031250,0,0,-859.211304,880.440247,35.031246,0,0,0,0.000000,0.000000,0.000000,0,0,0,0,9.924952,324954a3ba732f18
62091,51211,6,siuhy,76561198150673360,3,Team A,jL,76561198176878303,2,Team B,ultimate,76561198283989223,3,Team A,AK-47,rifle,1,0,0,0,0,0,-1022.781250,518.192810,0.031249,0,0,-576.494385,574.964417,38.031250,0,0,0,1760.030518,1390.413818,-147.949829,0,0,0,0,11.469711,324954a3ba732f18
66216,54330,7,ultimate,76561198283989223,3,Team A,Aleksib,76561198013243326,2,Team B,,0,0,,AWP,sniper,0,0,0,0,0,0,12.770267,603.262268,2.031248,0,0,-227.673401,-94.598877,0.266546,0,0,0,0.000000,0.000000,0.000000,0,0,0,0,18.796949,324954a3ba732f18
71625,58986,7,NAF,76561198001151695,3,Team A,iM,76561198050250233,2,Team B,,0,0,,M4A1,rifle,0,0,0,0,0,0,-577.011108,615.053528,38.031250,0,0,-1815.766846,328.907135,144.062500,0,0,0,0.000000,0.000000,0.000000,0,0,1,0,32.405384,324954a3ba732f18
72654,59892,7,NAF,76561198001151695,3,Team A,w0nderful,76561199063068840,2,Team B,siuhy,76561198150673360,3,Team A,M4A1,rifle,0,0,0,0,0,0,-641.638245,772.486023,38.031250,0,0,-1090.383545,311.150055,-22.968750,0,0,0,-1310.555298,967.472229,0.031250,0,0,0,0,16.348265,324954a3ba732f18
72684,59919,7,Twistzz,76561198016255205,3,Team A,jL,76561198176878303,2,Team B,,0,0,,M4A1,rifle,0,0,0,0,0,0,-951.283203,1181.244873,35.031254,0,0,-874.106750,366.421173,-45.621094,0,0,0,0.000000,0.000000,0.000000,0,0,0,0,20.884739,324954a3ba732f18
72787,60017,7,Twistzz,76561198016255205,3,Team A,b1t,76561198246607476,2,Team B,NAF,76561198001151695,3,Team A,M4A1,rifle,0,0,0,0,0,0,-905.187622,1110.883545,35.031254,0,0,-1827.509155,152.031067,58.031250,0,0,0,-598.800659,667.588501,38.031250,0,0,0,0,33.792645,324954a3ba732f18
80814,66317,8,ultimate,76561198283989223,3,Team A,jL,76561198176878303,2,Team B,,0,0,,AWP,sniper,0,0,0,0,0,0,-939.068970,399.163391,-23.664551,0,0,-536.489563,91.833549,-100.144531,0,0,0,0.000000,0.000000,0.000000,0,0,0,0,13.126709,324954a3ba732f18
83607,68670,8,w0nderful,76561199063068840,2,Team B,ultimate,76561198283989223,3,Team A,jL,76561198176878303,2,Team B,AK-47,rifle,1,0,0,0,0,0,836.809326,49.628269,-151.968750,0,0,-786.657898,180.108551,-87.968750,0,0,0,-536.489563,91.833549,-100.144531,0,0,0,0,41.390305,324954a3ba732f18
84486,69446,8,siuhy,76561198150673360,3,Team A,w0nderful,76561199063068840,2,Team B,,0,0,,AK-47,rifle,0,0,0,0,0,0,666.187805,206.621735,-188.830078,0,0,1230.013428,749.939270,-151.968750,0,0,0,0.000000,0.000000,0.000000,0,0,0,0,19.924208,324954a3ba732f18
84549,69497,8,Twistzz,76561198016255205,3,Team A,Aleksib,76561198013243326,2,Team B,,0,0,,M4A1,rifle,1,0,0,0,0,0,1564.138550,1617.197632,-151.968750,0,0,750.025940,1628.162842,-79.187195,0,0,0,0.000000,0.000000,0.000000,0,1,0,0,20.767681,324954a3ba732f18
84713,69644,8,b1t,76561198246607476,2,Team B,NertZ,76561198053126645,3,Team A,w0nderful,76561199063068840,2,Team B,AK-47,rifle,0,0,0,0,0,0,976.066040,813.190735,-188.833618,0,0,1250.196289,883.093933,-151.968750,0,0,0,1230.013428,749.939270,-151.968750,0,0,0,0,7.275818,324954a3ba732f18
84766,69685,8,iM,76561198050250233,2,Team B,Twistzz,76561198016255205,3,Team A,Aleksib,76561198013243326,2,Team B,AK-47,rifle,0,0,0,0,0,0,1403.041138,1681.727295,-151.968750,0,0,1803.968628,1255.031250,-145.968750,0,0,0,750.025940,1628.162842,-79.187195,1,0,0,0,14.855248,324954a3ba732f18
85902,70666,8,siuhy,76561198150673360,3,Team A,iM,76561198050250233,2,Team B,,0,0,,AK-47,rifle,1,0,0,0,0,0,1789.759521,1122.649414,-145.968750,0,0,1697.847534,1823.824951,-70.968750,0,0,0,0.000000,0.000000,0.000000,0,0,0,0,18.068748,324954a3ba732f18
85965,70727,8,NAF,76561198001151695,3,Team A,b1t,76561198246607476,2,Team B,NertZ,76561198053126645,3,Team A,Incendiary Grenade,grenade,0,0,0,0,0,0,564.988831,1265.275269,-63.862427,0,0,905.941650,1634.443115,-59.968750,0,0,0,1250.385376,882.148560,-151.968750,0,0,0,0,12.728039,324954a3ba732f18
90767,74429,9,NertZ,76561198053126645,3,Team A,b1t,76561198246607476,2,Team B,,0,0,,M4A4,rifle,1,0,0,0,0,0,1205.618652,741.569214,-149.544922,0,0,1293.611938,497.169189,2.031250,0,0,0,0.000000,0.000000,0.000000,0,0,0,0,7.546573,324954a3ba732f18
91590,75119,9,w0nderful,76561199063068840,2,Team B,siuhy,76561198150673360,3,Team A,,0,0,,AK-47,rifle,1,0,0,0,0,0,-154.986572,261.779144,0.162018,0,0,979.064575,235.231628,-188.529846,0,0,0,0.000000,0.000000,0.000000,0,0,0,0,29.190952,324954a3ba732f18
92062,75511,9,NAF,76561198001151695,3,Team A,jL,76561198176878303,2,Team B,,0,0,,AK-47,rifle,0,0,0,0,0,0,-469.886963,1045.731201,58.663372,0,0,-99.520996,1616.396362,27.031254,0,0,0,0.000000,0.000000,0.000000,0,1,0,0,17.286985,324954a3ba732f18
92162,75600,9,Twistzz,76561198016255205,3,Team A,Aleksib,76561198013243326,2,Team B,,0,0,,M4A4,rifle,1,0,0,0,0,0,-632.622681,2206.823730,24.509548,0,0,-243.066223,1864.673340,26.980839,0,0,0,0.000000,0.000000,0.000000,0,0,0,0,13.142093,324954a3ba732f18
92370,75778,9,iM,76561198050250233,2,Team B,NAF,76561198001151695,3,Team A,jL,76561198176878303,2,Team B,Desert Eagle,pistol,0,0,0,0,0,0,-213.089600,1318.631470,66.031250,0,0,-578.692200,1090.867432,44.187035,0,0,0,-99.520996,1616.396362,27.031254,1,1,0,0,10.966326,324954a3ba732f18
92744,76092,9,ultimate,76561198283989223,3,Team A,iM,76561198050250233,2,Team B,NAF,76561198001151695,3,Team A,Dual Berettas,pistol,0,0,0,0,0,0,-703.991577,657.078247,38.031250,0,0,-885.774719,866.883057,35.031250,0,0,0,-577.676880,1089.753418,44.885063,1,1,0,0,7.181007,324954a3ba732f18
92840,76177,9,w0nderful,76561199063068840,2,Team B,ultimate,76561198283989223,3,Team A,,0,0,,AK-47,rifle,0,0,0,0,0,0,-999.965027,1077.873535,35.031250,0,0,-680.200806,683.796204,38.031250,0,0,0,0.000000,0.000000,0.000000,1,0,0,0,12.890756,324954a3ba732f18
93025,76341,9,w0nderful,76561199063068840,2,Team B,Twistzz,76561198016255205,3,Team A,Aleksib,76561198013243326,2,Team B,AK-47,rifle,0,0,0,0,0,0,-1154.998657,860.832520,0.031250,0,0,-1102.773560,1504.303711,-13.031250,1,0,0,-243.066223,1864.673340,26.980839,0,0,0,0,16.241488,324954a3ba732f18
98246,80994,9,w0nderful,76561199063068840,2,Team B,NertZ,76561198053126645,3,Team A,b1t,76561198246607476,2,Team B,AK-47,rifle,1,0,0,0,0,0,945.539856,1924.067017,-151.968750,0,0,1234.210938,1993.875732,-191.968750,0,0,0,1293.380615,497.071045,2.031250,0,0,0,0,7.600439,324954a3ba732f18
101964,83694,10,jL,76561198176878303,2,Team B,siuhy,76561198150673360,3,Team A,,0,0,,AK-47,rifle,0,0,0,0,0,0,1019.416809,183.546188,-188.744019,0,0,-346.177124,303.525146,-119.968750,0,0,0,0.000000,0.000000,0.000000,0,0,1,0,34.875320,324954a3ba732f18
105578,86661,10,iM,76561198050250233,2,Team B,ultimate,76561198283989223,3,Team A,,0,0,,AK-47,rifle,0,0,0,0,0,0,-1815.248657,-60.576904,32.031250,0,0,-1319.246094,661.192688,0.031250,0,0,0,0.000000,0.000000,0.000000,0,1,1,0,22.272755,324954a3ba732f18
105634,86714,10,NAF,76561198001151695,3,Team A,iM,76561198050250233,2,Team B,,0,0,,M4A4,rifle,0,0,0,0,0,0,-1116.543579,928.835144,0.031250,0,0,-1830.676636,-51.046143,32.031250,0,0,0,0.000000,0.000000,0.000000,1,0,1,0,30.841742,324954a3ba732f18
107856,88657,10,Aleksib,76561198013243326,2,Team B,Twistzz,76561198016255205,3,Team A,,0,0,,AK-47,rifle,1,0,0,0,0,0,852.949524,1427.350220,-87.968750,0,0,716.302185,1969.905151,-38.428589,0,0,0,0.000000,0.000000,0.000000,0,0,0,0,14.317006,324954a3ba732f18
107982,88766,10,Aleksib,76561198013243326,2,Team B,NertZ,76561198053126645,3,Team A,,0,0,,AK-47,rifle,0,0,0,0,0,0,1010.989014,1469.890015,-87.964722,0,0,1008.636841,2330.627686,-39.968750,0,0,0,0.000000,0.000000,0.000000,0,0,0,0,21.935688,324954a3ba732f18
117415,96349,11,Twistzz,76561198016255205,3,Team A,jL,76561198176878303,2,Team B,siuhy,76561198150673360,3,Team A,Five-SeveN,pistol,1,0,0,0,0,0,-817.914001,346.915100,-55.968750,0,1,-681.691833,52.032696,-87.968750,0,1,0,-712.237854,363.959656,-45.859375,0,0,0,0,8.284674,324954a3ba732f18
118033,96884,11,ultimate,76561198283989223,3,Team A,Aleksib,76561198013243326,2,Team B,,0,0,,AWP,sniper,0,0,0,0,0,0,1282.085327,1583.141846,-151.968750,0,0,368.763123,1236.820679,-23.576416,0,0,0,0.000000,0.000000,0.000000,0,0,0,0,25.025362,324954a3ba732f18
118173,96994,11,iM,76561198050250233,2,Team B,NertZ,76561198053126645,3,Team A,,0,0,,AK-47,rifle,1,0,0,0,0,0,355.682953,1110.610840,-15.968750,0,0,439.323608,1326.170532,-30.632874,0,0,0,0.000000,0.000000,0.000000,0,0,0,0,5.934076,324954a3ba732f18
118769,97480,11,Twistzz,76561198016255205,3,Team A,w0nderful,76561199063068840,2,Team B,,0,0,,Five-SeveN,pistol,0,0,0,0,0,0,295.669373,1618.723022,-30.512329,0,0,185.071472,1134.598145,-28.968750,0,0,0,0.000000,0.000000,0.000000,0,1,0,0,12.602805,324954a3ba732f18
118892,97585,11,iM,76561198050250233,2,Team B,Twistzz,76561198016255205,3,Team A,,0,0,,AK-47,rifle,1,0,0,0,0,0,399.228851,1263.361572,-30.122375,0,0,232.924072,1453.805054,-29.175171,0,0,0,0.000000,0.000000,0.000000,1,1,0,0,6.429898,324954a3ba732f18
118951,97634,11,NAF,76561198001151695,3,Team A,iM,76561198050250233,2,Team B,,0,0,,Desert Eagle,pistol,1,0,0,0,0,0,248.290329,1635.240112,-23.968750,0,0,393.503967,1261.166138,-31.267334,0,0,0,0.000000,0.000000,0.000000,1,0,0,0,10.195080,324954a3ba732f18
120128,98649,11,b1t,76561198246607476,2,Team B,ultimate,76561198283989223,3,Team A,,0,0,,AK-47,rifle,1,0,0,0,0,0,1296.421021,1886.314697,-191.968750,0,0,1215.069214,2016.573975,-191.968750,0,0,0,0.000000,0.000000,0.000000,0,0,0,0,3.844510,324954a3ba732f18
121547,99904,11,NAF,76561198001151695,3,Team A,b1t,76561198246607476,2,Team B,,0,0,,AK-47,rifle,0,0,0,0,0,0,1206.893066,1456.483521,-148.523560,0,0,429.620636,1284.800781,-29.968750,0,0,0,0.000000,0.000000,0.000000,0,0,0,0,20.559641,324954a3ba732f18
125663,102991,12,w0nderful,76561199063068840,2,Team B,siuhy,76561198150673360,3,Team A,,0,0,,AWP,sniper,0,0,0,0,0,0,-1866.051880,201.848846,58.031250,0,0,-668.500244,699.987732,38.031246,0,0,0,0.000000,0.000000,0.000000,0,1,0,0,32.950527,324954a3ba732f18
125752,103066,12,Twistzz,76561198016255205,3,Team A,w0nderful,76561199063068840,2,Team B,,0,0,,AK-47,rifle,0,0,0,0,0,0,-783.557129,1138.409180,36.031246,0,0,-1844.720825,100.260323,77.859375,1,0,0,0.000000,0.000000,0.000000,1,0,0,0,37.662235,324954a3ba732f18
125813,103115,12,b1t,76561198246607476,2,Team B,NAF,76561198001151695,3,Team A,iM,76561198050250233,2,Team B,AK-47,rifle,1,0,0,0,0,0,-1523.241333,435.958618,0.031248,0,0,-1561.487061,651.385254,38.031250,0,0,0,-1421.594482,418.045654,0.031250,0,1,0,0,5.620864,324954a3ba732f18
125845,103142,12,Twistzz,76561198016255205,3,Team A,b1t,76561198246607476,2,Team B,,0,0,,AK-47,rifle,1,0,0,0,0,0,-810.908386,1143.233398,36.031246,0,0,-1513.929077,439.687500,0.031250,0,0,0,0.000000,0.000000,0.000000,1,0,0,0,25.277012,324954a3ba732f18
126049,103315,12,Aleksib,76561198013243326,2,Team B,ultimate,76561198283989223,3,Team A,,0,0,,AK-47,rifle,0,0,0,0,0,0,-316.523254,-406.504883,0.266545,0,0,-55.805298,352.044159,0.266541,0,0,0,0.000000,0.000000,0.000000,0,0,1,0,20.400253,324954a3ba732f18
127789,104786,12,Twistzz,76561198016255205,3,Team A,jL,76561198176878303,2,Team B,,0,0,,AK-47,rifle,0,1,0,0,0,0,-1298.783325,1383.927002,1.031250,0,1,-833.661377,586.845825,40.031250,0,0,0,0.000000,0.000000,0.000000,0,0,0,0,23.458797,324954a3ba732f18
128039,105002,12,NertZ,76561198053126645,3,Team A,iM,76561198050250233,2,Team B,NAF,76561198001151695,3,Team A,M4A1,rifle,0,0,0,0,0,0,-767.043152,-609.077576,77.724342,0,0,-1872.302490,352.206177,69.769691,0,0,0,-1560.079346,651.859741,38.031250,0,0,0,0,37.191868,324954a3ba732f18
129075,105895,12,Aleksib,76561198013243326,2,Team B,NertZ,76561198053126645,3,Team A,,0,0,,AK-47,rifle,1,0,0,0,0,0,-1536.319702,118.478455,1.374685,0,0,-1208.033447,-421.550415,113.531250,0,0,0,0.000000,0.000000,0.000000,0,0,0,0,16.323496,324954a3ba732f18
129734,106481,12,Twistzz,76561198016255205,3,Team A,Aleksib,76561198013243326,2,Team B,,0,0,,AK-47,rifle,1,0,0,0,0,0,-1759.874390,130.893524,3.044930,0,0,-1138.098267,30.290043,7.179955,0,0,0,0.000000,0.000000,0.000000,0,0,0,0,16.004313,324954a3ba732f18
130453,107109,12,World,0,0,,Twistzz,76561198016255205,3,Team A,,0,0,,C4,equipment,0,0,0,0,0,0,0.000000,0.000000,0.000000,0,0,-1096.681396,574.410278,-3.968750,0,0,0,0.000000,0.000000,0.000000,0,0,0,0,0.000000,324954a3ba732f18
149681,123155,13,w0nderful,76561199063068840,3,Team B,siuhy,76561198150673360,2,Team A,,0,0,,USP-S,pistol,1,0,0,0,0,0,-606.338135,587.734192,38.031250,0,1,-1045.383545,585.060059,-3.968750,0,1,0,0.000000,0.000000,0.000000,0,1,0,0,11.182607,324954a3ba732f18
149760,123227,13,iM,76561198050250233,3,Team B,Twistzz,76561198016255205,2,Team A,,0,0,,Dual Berettas,pistol,1,0,0,0,0,0,-1205.860352,378.782745,-6.968750,0,0,-1523.682129,482.761414,0.031249,0,0,0,0.000000,0.000000,0.000000,0,1,0,0,8.530352,324954a3ba732f18
149768,123233,13,NertZ,76561198053126645,2,Team A,iM,76561198050250233,3,Team B,,0,0,,Glock-18,pistol,1,0,0,0,0,0,-1214.841553,273.145599,-6.968750,0,0,-1205.718384,379.179321,-6.968750,0,0,0,0.000000,0.000000,0.000000,1,0,0,0,2.654386,324954a3ba732f18
149833,123289,13,NAF,76561198001151695,2,Team A,w0nderful,76561199063068840,3,Team B,siuhy,76561198150673360,2,Team A,Glock-18,pistol,1,0,0,0,0,0,-1705.446045,341.516388,0.031250,0,0,-613.650269,581.666504,38.031250,0,0,0,-1045.636230,586.507812,-3.968750,1,0,0,0,28.413710,324954a3ba732f18
150367,123746,13,NertZ,76561198053126645,2,Team A,b1t,76561198246607476,3,Team B,jL,76561198176878303,3,Team B,Glock-18,pistol,1,0,0,0,0,0,-891.138123,605.434753,-1.534119,0,0,-922.574646,299.500916,-41.817017,0,0,0,-782.483948,299.785004,-55.968750,0,0,0,0,7.915475,324954a3ba732f18
150372,123751,13,jL,76561198176878303,3,Team B,ultimate,76561198283989223,2,Team A,,0,0,,USP-S,pistol,1,0,0,0,0,0,-786.111389,304.141235,-55.968750,0,0,-988.235596,531.393127,0.031249,0,0,0,0.000000,0.000000,0.000000,0,0,0,0,7.882137,324954a3ba732f18
150573,123924,13,jL,76561198176878303,3,Team B,NAF,76561198001151695,2,Team A,,0,0,,USP-S,pistol,1,0,0,0,0,0,-718.038025,224.253387,-71.793518,0,0,-1134.453247,555.288513,-2.154785,0,0,0,0.000000,0.000000,0.000000,0,0,0,0,13.666786,324954a3ba732f18
151000,124300,13,NertZ,76561198053126645,2,Team A,Aleksib,76561198013243326,3,Team B,,0,0,,Glock-18,pistol,1,0,0,0,0,0,-987.055542,798.228882,-3.968750,0,0,-1279.392700,909.059875,0.031248,0,0,0,0.000000,0.000000,0.000000,0,0,0,0,7.981007,324954a3ba732f18
151169,124449,13,NertZ,76561198053126645,2,Team A,jL,76561198176878303,3,Team B,,0,0,,Glock-18,pistol,1,0,0,0,0,0,-911.227295,721.437744,-3.968750,0,0,-1127.417603,926.400269,0.031250,0,0,0,0.000000,0.000000,0.000000,0,0,0,0,7.605528,324954a3ba732f18
155062,127339,14,NAF,76561198001151695,2,Team A,Aleksib,76561198013243326,3,Team B,,0,0,,MAC-10,smg,1,0,0,0,0,0,-1036.694214,-630.495544,65.920563,0,0,-1132.129517,31.235641,7.652757,0,0,0,0.000000,0.000000,0.000000,0,0,0,0,17.056152,324954a3ba732f18
155170,127437,14,NAF,76561198001151695,2,Team A,b1t,76561198246607476,3,Team B,,0,0,,MAC-10,smg,0,0,0,0,0,0,-1013.016602,-625.398499,70.031250,0,0,-1218.785522,2.936494,1.045646,0,0,0,0.000000,0.000000,0.000000,0,0,0,0,16.881634,324954a3ba732f18
155285,127534,14,Twistzz,76561198016255205,2,Team A,iM,76561198050250233,3,Team B,NAF,76561198001151695,2,Team A,MP7,smg,1,0,0,0,0,0,-910.175781,-911.280823,64.590790,0,0,-1163.524902,12.084864,0.031250,0,0,0,-1071.581543,-589.630798,67.201439,0,1,0,0,24.448118,324954a3ba732f18
155295,127543,14,jL,76561198176878303,3,Team B,Twistzz,76561198016255205,2,Team A,,0,0,,Desert Eagle,pistol,1,0,0,0,0,0,-1792.815308,356.709778,71.808800,0,0,-917.645264,-914.830139,64.031250,0,0,0,0.000000,0.000000,0.000000,1,0,0,0,39.228867,324954a3ba732f18
155653,127863,14,ultimate,76561198283989223,2,Team A,jL,76561198176878303,3,Team B,NAF,76561198001151695,2,Team A,MAC-10,smg,0,0,0,0,0,0,-1500.726562,370.727997,0.031250,0,0,-1849.452393,279.919952,58.031254,0,0,0,-1057.824829,-575.871948,70.031250,0,0,0,0,9.259212,324954a3ba732f18
155727,127925,14,NAF,76561198001151695,2,Team A,w0nderful,76561199063068840,3,Team B,siuhy,76561198150673360,2,Team A,Glock-18,pistol,1,0,0,0,0,0,-1151.489868,-611.663513,64.951447,0,0,-1842.647339,340.574188,72.022591,0,0,0,-912.788574,462.216370,1.031248,0,0,0,0,29.808292,324954a3ba732f18
162979,133626,15,ultimate,76561198283989223,2,Team A,Aleksib,76561198013243326,3,Team B,NertZ,76561198053126645,2,Team A,MAC-10,smg,1,0,0,0,0,0,-1461.726074,389.820129,0.031248,0,0,-1205.210693,368.871307,-6.968750,0,0,0,-1865.188965,224.973602,58.031250,0,1,0,0,6.534314,324954a3ba732f18
163071,133699,15,iM,76561198050250233,3,Team B,Twistzz,76561198016255205,2,Team A,,0,0,,M4A1,rifle,1,1,0,0,0,0,-931.464050,922.009827,35.031246,0,0,-1605.473389,395.281921,0.031250,0,0,0,0.000000,0.000000,0.000000,0,1,0,0,21.755581,324954a3ba732f18
163202,133806,15,iM,76561198050250233,3,Team B,ultimate,76561198283989223,2,Team A,Aleksib,76561198013243326,3,Team B,M4A1,rifle,1,0,0,0,0,0,-863.923889,861.174316,35.031246,0,0,-1073.461060,254.385925,-22.968750,0,0,0,-1205.210693,368.871307,-6.968750,1,1,0,0,16.368221,324954a3ba732f18
163333,133913,15,NAF,76561198001151695,2,Team A,iM,76561198050250233,3,Team B,NertZ,76561198053126645,2,Team A,MP7,smg,0,0,0,0,0,0,-1022.723755,418.357544,-10.793213,0,0,-812.804504,833.247437,35.031246,0,0,0,-1669.643677,316.701538,0.031248,1,0,0,0,11.882045,324954a3ba732f18
163439,133997,15,w0nderful,76561199063068840,3,Team B,NertZ,76561198053126645,2,Team A,,0,0,,M4A4,rifle,0,0,0,0,0,0,-751.755676,1180.393799,38.755058,0,0,-1516.810791,490.248474,0.031248,0,0,0,0.000000,0.000000,0.000000,0,0,0,0,26.176029,324954a3ba732f18
164829,135182,15,b1t,76561198246607476,3,Team B,NAF,76561198001151695,2,Team A,w0nderful,76561199063068840,3,Team B,M4A1,rifle,0,0,0,0,0,0,-954.415771,306.319153,-22.968750,0,0,-861.032410,794.726685,35.031250,0,0,0,-741.636475,1172.468628,32.414917,0,0,0,0,12.725232,324954a3ba732f18
165222,135530,15,w0nderful,76561199063068840,3,Team B,siuhy,76561198150673360,2,Team A,jL,76561198176878303,3,Team B,M4A4,rifle,0,0,0,0,0,0,-570.225952,1070.690674,50.007576,0,0,-976.106079,1177.941040,35.031254,0,0,0,-905.044373,251.117920,-53.869080,0,0,0,0,10.672630,324954a3ba732f18
174107,142640,16,Twistzz,76561198016255205,2,Team A,jL,76561198176878303,3,Team B,NertZ,76561198053126645,2,Team A,AK-47,rifle,0,0,0,0,0,0,1775.013306,1612.358398,-151.968750,0,0,743.472656,1665.203369,-54.493530,0,0,0,1724.236816,1714.575317,-120.912231,0,0,0,0,26.367355,324954a3ba732f18
174265,142780,16,NertZ,76561198053126645,2,Team A,b1t,76561198246607476,3,Team B,,0,0,,AK-47,rifle,1,0,0,0,0,0,1758.737793,1859.990356,-83.968750,0,0,762.141174,1629.786621,-78.104675,0,0,0,0.000000,0.000000,0.000000,0,1,0,0,25.972609,324954a3ba732f18
174357,142852,16,w0nderful,76561199063068840,3,Team B,NertZ,76561198053126645,2,Team A,,0,0,,M4A4,rifle,0,0,0,0,0,0,1112.840210,1510.540771,-149.578369,0,0,1684.303101,1897.728516,-83.968750,0,0,0,0.000000,0.000000,0.000000,1,1,0,0,17.619432,324954a3ba732f18
174401,142893,16,w0nderful,76561199063068840,3,Team B,NAF,76561198001151695,2,Team A,,0,0,,M4A4,rifle,1,0,0,0,0,0,1112.183594,1511.309082,-149.631042,0,0,1404.143799,1685.640747,-151.968750,0,0,0,0.000000,0.000000,0.000000,0,1,0,0,8.649239,324954a3ba732f18
174416,142906,16,siuhy,76561198150673360,2,Team A,w0nderful,76561199063068840,3,Team B,NAF,76561198001151695,2,Team A,AK-47,rifle,0,0,0,0,0,0,1401.080933,1671.186157,-151.968750,0,0,1112.500122,1510.752930,-149.518066,0,0,0,1404.373779,1685.258179,-151.968750,1,0,0,0,8.387020,324954a3ba732f18
175462,143813,16,ultimate,76561198283989223,2,Team A,iM,76561198050250233,3,Team B,,0,0,,AWP,sniper,0,0,0,0,0,0,-305.910645,1190.601807,60.031250,0,0,-167.676147,1493.885132,27.031254,0,0,0,0.000000,0.000000,0.000000,0,0,0,0,8.533376,324954a3ba732f18
177426,145534,16,siuhy,76561198150673360,2,Team A,Aleksib,76561198013243326,3,Team B,,0,0,,AK-47,rifle,0,0,0,0,0,0,92.558685,2651.885010,-132.302856,0,0,-556.123962,2328.223633,-35.782410,0,0,0,0.000000,0.000000,0.000000,0,0,0,0,18.555330,324954a3ba732f18
188071,153834,17,ultimate,76561198283989223,2,Team A,iM,76561198050250233,3,Team B,,0,0,,AWP,sniper,0,0,0,0,0,0,-171.853882,284.491089,0.268416,0,0,13.684844,900.353882,5.462848,0,0,0,0.000000,0.000000,0.000000,0,1,0,0,16.350443,324954a3ba732f18
188074,153837,17,Twistzz,76561198016255205,2,Team A,b1t,76561198246607476,3,Team B,NAF,76561198001151695,2,Team A,AK-47,rifle,0,0,0,0,0,0,-57.374756,340.026703,0.266607,0,0,-65.757202,780.231445,0.266543,0,0,0,-122.410645,85.235100,0.181262,0,0,0,0,11.169185,324954a3ba732f18
188158,153912,17,Aleksib,76561198013243326,3,Team B,ultimate,76561198283989223,2,Team A,jL,76561198176878303,3,Team B,Dual Berettas,pistol,0,0,0,0,0,0,-42.227234,894.189514,0.266543,0,0,-127.405945,302.133118,0.268418,0,0,0,38.266731,804.720642,1.886921,1,1,0,0,15.203909,324954a3ba732f18
188175,153928,17,NAF,76561198001151695,2,Team A,Aleksib,76561198013243326,3,Team B,Twistzz,76561198016255205,2,Team A,MAC-10,smg,1,0,0,0,0,0,-199.028442,188.594208,0.217810,0,0,-20.075928,890.924255,0.266543,0,0,0,-40.515686,332.029419,0.266609,1,0,0,0,18.402203,324954a3ba732f18
188742,154413,17,Twistzz,76561198016255205,2,Team A,jL,76561198176878303,3,Team B,,0,0,,HE Grenade,grenade,0,0,0,0,0,0,174.909790,88.105644,-151.968750,0,0,-135.981445,769.330200,0.266544,0,0,0,0.000000,0.000000,0.000000,0,0,0,0,19.459709,324954a3ba732f18
189351,154928,17,NertZ,76561198053126645,2,Team A,w0nderful,76561199063068840,3,Team B,,0,0,,AK-47,rifle,0,0,0,0,0,0,1755.243530,1756.967407,-92.650818,0,0,929.128784,2171.328613,-39.968750,0,0,0,0.000000,0.000000,0.000000,0,0,0,0,23.544325,324954a3ba732f18
192663,157420,18,w0nderful,76561199063068840,3,Team B,NAF,76561198001151695,2,Team A,,0,0,,AWP,sniper,0,0,0,0,0,0,1624.968384,1559.212280,-151.968750,0,0,1570.668823,957.288757,-145.968750,0,1,0,0.000000,0.000000,0.000000,0,0,0,0,15.494108,324954a3ba732f18
194311,158785,18,iM,76561198050250233,3,Team B,siuhy,76561198150673360,2,Team A,,0,0,,M4A1,rifle,0,0,0,0,0,0,-749.420959,365.063995,-55.968750,0,0,-743.043213,54.299923,-87.968750,0,0,0,0.000000,0.000000,0.000000,0,0,0,0,7.946815,324954a3ba732f18
195738,160006,18,w0nderful,76561199063068840,3,Team B,ultimate,76561198283989223,2,Team A,,0,0,,AWP,sniper,0,0,0,0,0,0,1094.190918,1493.213257,-132.619812,0,0,355.633270,1239.501831,-25.587280,0,0,0,0.000000,0.000000,0.000000,0,0,0,0,19.980473,324954a3ba732f18
195892,160134,18,NertZ,76561198053126645,2,Team A,iM,76561198050250233,3,Team B,,0,0,,AK-47,rifle,1,0,0,0,0,0,-80.186646,259.873657,-188.833618,0,0,-783.216614,76.430580,-88.739197,0,0,0,0.000000,0.000000,0.000000,0,1,0,0,18.592010,324954a3ba732f18
196007,160237,18,jL,76561198176878303,3,Team B,NertZ,76561198053126645,2,Team A,iM,76561198050250233,3,Team B,M4A4,rifle,1,0,0,0,0,0,-608.035095,126.429482,-95.968750,0,0,-66.670837,175.825211,-188.833618,0,0,0,-783.216614,76.430580,-88.739197,1,0,0,0,14.114624,324954a3ba732f18
210317,172083,19,siuhy,76561198150673360,2,Team A,iM,76561198050250233,3,Team B,,0,0,,AK-47,rifle,0,0,0,0,0,0,-857.935120,313.694305,-55.968750,0,0,-876.027771,448.656799,1.031248,0,0,0,0.000000,0.000000,0.000000,0,1,1,0,3.944280,324954a3ba732f18
210338,172103,19,jL,76561198176878303,3,Team B,siuhy,76561198150673360,2,Team A,,0,0,,AK-47,rifle,1,0,0,0,0,0,-1591.633789,555.677124,38.031250,0,0,-854.043274,314.306580,-55.968750,0,0,0,0.000000,0.000000,0.000000,1,0,0,0,19.905794,324954a3ba732f18
213036,174429,19,NertZ,76561198053126645,2,Team A,Aleksib,76561198013243326,3,Team B,,0,0,,AK-47,rifle,1,0,0,0,0,0,-972.134888,471.228485,1.031250,0,0,-769.997314,857.671082,35.031250,0,0,0,0.000000,0.000000,0.000000,0,0,1,0,11.111379,324954a3ba732f18
213147,174527,19,ultimate,76561198283989223,2,Team A,jL,76561198176878303,3,Team B,NertZ,76561198053126645,2,Team A,AWP,sniper,0,1,0,0,0,0,-910.159546,271.987701,-50.352417,0,0,-1205.033813,354.600830,-6.968750,0,0,0,-992.696594,550.351257,0.031251,0,0,0,0,7.866942,324954a3ba732f18
213616,174929,19,Twistzz,76561198016255205,2,Team A,w0nderful,76561199063068840,3,Team B,,0,0,,AK-47,rifle,1,0,0,0,0,0,-346.027954,301.656250,-119.968750,0,0,966.046936,240.162094,-188.431763,0,0,0,0.000000,0.000000,0.000000,0,0,0,0,33.386284,324954a3ba732f18
214790,175963,19,NertZ,76561198053126645,2,Team A,b1t,76561198246607476,3,Team B,,0,0,,AK-47,rifle,1,0,0,0,0,0,-588.081543,803.981445,38.031254,0,0,-1335.757446,1058.187134,0.031250,0,0,0,0.000000,0.000000,0.000000,0,0,0,0,20.085442,324954a3ba732f18
