frame,tick,round,health,armor,victim health,victim new health,victim armor,victim new armor,attacker steamid,attacker side,attacker team name,is attacker controlling bot,victim steamid,victim side,victim team name,is victim controlling bot,weapon name,weapon class,hitgroup,weapon unique id,match checksum
4252,3462,1,100,0,100,0,100,100,76561198053126645,3,Team A,0,76561198246607476,2,Team B,0,USP-S,pistol,1,01JSKM0D8MZP03MFQVP2AFMJK7,324954a3ba732f18
4252,3462,1,1,0,100,99,100,100,76561199063068840,2,Team B,0,76561198053126645,3,Team A,0,Flashbang,grenade,0,01JSKM0D8VCGFH14V48ER5X34W,324954a3ba732f18
4371,3561,1,75,0,100,25,0,0,76561198001151695,3,Team A,0,76561199063068840,2,Team B,0,Dual Berettas,pistol,1,01JSKM0D8XNAQGY0QN731VY6RG,324954a3ba732f18
4424,3609,1,18,0,25,7,0,0,76561198001151695,3,Team A,0,76561199063068840,2,Team B,0,Dual Berettas,pistol,2,01JSKM0D8XNAQGY0QN731VY6RG,324954a3ba732f18
4464,3639,1,7,0,7,0,0,0,76561198001151695,3,Team A,0,76561199063068840,2,Team B,0,Dual Berettas,pistol,2,01JSKM0D8XNAQGY0QN731VY6RG,324954a3ba732f18
4593,3756,1,20,7,100,80,100,93,76561198001151695,3,Team A,0,76561198176878303,2,Team B,0,Dual Berettas,pistol,2,01JSKM0D8XNAQGY0QN731VY6RG,324954a3ba732f18
4595,3758,1,100,0,100,0,100,100,76561198176878303,2,Team B,0,76561198001151695,3,Team A,0,Glock-18,pistol,1,01JSKM0D8QD8AXFWP0G0MH8VXZ,324954a3ba732f18
5291,4356,1,20,0,100,80,100,100,76561198150673360,3,Team A,0,76561198050250233,2,Team B,0,USP-S,pistol,1,01JSKM0D8KEYEX3CGB3V0DXBFN,324954a3ba732f18
6922,5803,1,100,0,100,0,0,0,76561198053126645,3,Team A,0,76561198013243326,2,Team B,0,USP-S,pistol,1,01JSKM0D8MZP03MFQVP2AFMJK7,324954a3ba732f18
7806,6573,1,98,0,99,1,100,100,76561198050250233,2,Team B,0,76561198053126645,3,Team A,0,Glock-18,pistol,1,01JSKM0D8JBFR3PA8GRP8XDVWD,324954a3ba732f18
7831,6598,1,1,6,1,0,100,94,76561198050250233,2,Team B,0,76561198053126645,3,Team A,0,Glock-18,pistol,4,01JSKM0D8JBFR3PA8GRP8XDVWD,324954a3ba732f18
8076,6818,1,80,0,80,0,100,100,76561198283989223,3,Team A,0,76561198050250233,2,Team B,0,USP-S,pistol,1,01JSKM0D8GXM3SAKDHED3DNZVS,324954a3ba732f18
8311,7025,1,1,0,100,99,100,100,76561198176878303,2,Team B,0,76561198283989223,3,Team A,0,Molotov,grenade,0,01JSKM0D8WEB7DR6QVZXM2F5SV,324954a3ba732f18
8434,7129,1,15,5,80,65,93,88,76561198016255205,3,Team A,0,76561198176878303,2,Team B,0,Dual Berettas,pistol,5,01JSKM0D8XNAQGY0QN71334JFK,324954a3ba732f18
8646,7319,1,11,6,100,89,100,94,76561198176878303,2,Team B,0,76561198016255205,3,Team A,0,Glock-18,pistol,2,01JSKM0D8QD8AXFWP0G0MH8VXZ,324954a3ba732f18
8745,7412,1,65,0,65,0,88,88,76561198283989223,3,Team A,0,76561198176878303,2,Team B,0,USP-S,pistol,1,01JSKM0D8GXM3SAKDHED3DNZVS,324954a3ba732f18
12040,9928,2,25,0,100,75,0,0,76561198150673360,3,Team A,0,76561198176878303,2,Team B,0,FAMAS,rifle,2,01JSKM0DJFKDE2RESW7WMZJAGG,324954a3ba732f18
12131,10001,2,19,0,75,56,0,0,76561198150673360,3,Team A,0,76561198176878303,2,Team B,0,FAMAS,rifle,7,01JSKM0DJFKDE2RESW7WMZJAGG,324954a3ba732f18
12136,10006,2,25,0,56,31,0,0,76561198150673360,3,Team A,0,76561198176878303,2,Team B,0,FAMAS,rifle,5,01JSKM0DJFKDE2RESW7WMZJAGG,324954a3ba732f18
12149,10018,2,25,0,31,6,0,0,76561198150673360,3,Team A,0,76561198176878303,2,Team B,0,FAMAS,rifle,2,01JSKM0DJFKDE2RESW7WMZJAGG,324954a3ba732f18
16485,13774,2,6,0,6,0,0,0,76561198150673360,3,Team A,0,76561198176878303,2,Team B,0,FAMAS,rifle,2,01JSKM0DJFKDE2RESW7WMZJAGG,324954a3ba732f18
16509,13794,2,100,6,100,0,100,94,76561198246607476,2,Team B,0,76561198150673360,3,Team A,0,Desert Eagle,pistol,1,01JSKM0DJRHFT5HHWM3RY8ZPGR,324954a3ba732f18
16620,13890,2,32,0,100,68,0,0,76561198283989223,3,Team A,0,76561198246607476,2,Team B,0,M4A4,rifle,2,01JSKM0DHS6VD8KRK57BGTYWVF,324954a3ba732f18
16638,13907,2,32,0,68,36,0,0,76561198283989223,3,Team A,0,76561198246607476,2,Team B,0,M4A4,rifle,2,01JSKM0DHS6VD8KRK57BGTYWVF,324954a3ba732f18
16646,13913,2,32,0,36,4,0,0,76561198283989223,3,Team A,0,76561198246607476,2,Team B,0,M4A4,rifle,2,01JSKM0DHS6VD8KRK57BGTYWVF,324954a3ba732f18
16648,13914,2,12,7,100,88,100,93,76561199063068840,2,Team B,0,76561198283989223,3,Team A,0,Glock-18,pistol,2,01JSKM0DHVN15D97JKBG4ST4MS,324954a3ba732f18
16652,13918,2,4,0,4,0,0,0,76561198283989223,3,Team A,0,76561198246607476,2,Team B,0,M4A4,rifle,1,01JSKM0DHS6VD8KRK57BGTYWVF,324954a3ba732f18
16658,13924,2,12,7,88,76,93,86,76561199063068840,2,Team B,0,76561198283989223,3,Team A,0,Glock-18,pistol,2,01JSKM0DHVN15D97JKBG4ST4MS,324954a3ba732f18
16670,13936,2,32,0,100,68,0,0,76561198283989223,3,Team A,0,76561199063068840,2,Team B,0,M4A4,rifle,2,01JSKM0DHS6VD8KRK57BGTYWVF,324954a3ba732f18
16702,13962,2,32,0,68,36,0,0,76561198283989223,3,Team A,0,76561199063068840,2,Team B,0,M4A4,rifle,2,01JSKM0DHS6VD8KRK57BGTYWVF,324954a3ba732f18
16712,13968,2,32,0,36,4,0,0,76561198283989223,3,Team A,0,76561199063068840,2,Team B,0,M4A4,rifle,2,01JSKM0DHS6VD8KRK57BGTYWVF,324954a3ba732f18
16719,13974,2,4,0,4,0,0,0,76561198283989223,3,Team A,0,76561199063068840,2,Team B,0,M4A4,rifle,2,01JSKM0DHS6VD8KRK57BGTYWVF,324954a3ba732f18
16755,14000,2,27,0,100,73,0,0,76561198001151695,3,Team A,0,76561198050250233,2,Team B,0,MP9,smg,3,01JSKM0DHVN15D97JKBGGSD8HB,324954a3ba732f18
16786,14026,2,28,0,73,45,0,0,76561198001151695,3,Team A,0,76561198050250233,2,Team B,0,MP9,smg,3,01JSKM0DHVN15D97JKBGGSD8HB,324954a3ba732f18
16792,14031,2,22,0,45,23,0,0,76561198001151695,3,Team A,0,76561198050250233,2,Team B,0,MP9,smg,2,01JSKM0DHVN15D97JKBGGSD8HB,324954a3ba732f18
16963,14180,2,50,28,100,50,100,72,76561198050250233,2,Team B,0,76561198001151695,3,Team A,0,Glock-18,pistol,1,01JSKM0DHS6VD8KRK57MB2AXNN,324954a3ba732f18
16971,14187,2,23,0,23,0,0,0,76561198001151695,3,Team A,0,76561198050250233,2,Team B,0,MP9,smg,1,01JSKM0DHVN15D97JKBGGSD8HB,324954a3ba732f18
17112,14313,2,100,0,100,0,0,0,76561198283989223,3,Team A,0,76561198013243326,2,Team B,0,M4A4,rifle,1,01JSKM0DHS6VD8KRK57BGTYWVF,324954a3ba732f18
20393,16693,3,1,0,100,99,100,100,76561198016255205,3,Team A,0,76561198176878303,2,Team B,0,Incendiary Grenade,grenade,0,01JSKM0DXEK3B9W12VBW6CXKXC,324954a3ba732f18
20410,16706,3,2,0,99,97,100,100,76561198016255205,3,Team A,0,76561198176878303,2,Team B,0,Incendiary Grenade,grenade,0,01JSKM0DXEK3B9W12VBW6CXKXC,324954a3ba732f18
20425,16719,3,3,0,97,94,100,100,76561198016255205,3,Team A,0,76561198176878303,2,Team B,0,Incendiary Grenade,grenade,0,01JSKM0DXEK3B9W12VBW6CXKXC,324954a3ba732f18
24221,19838,3,3,0,94,91,100,100,76561199063068840,2,Team B,0,76561198176878303,2,Team B,0,Molotov,grenade,0,01JSKM0DVP74SKWSR659381AAX,324954a3ba732f18
24680,20225,3,16,5,100,84,100,95,76561198001151695,3,Team A,0,76561198050250233,2,Team B,0,MP9,smg,3,01JSKM0DHVN15D97JKBGGSD8HB,324954a3ba732f18
24689,20234,3,13,4,84,71,95,91,76561198001151695,3,Team A,0,76561198050250233,2,Team B,0,MP9,smg,2,01JSKM0DHVN15D97JKBGGSD8HB,324954a3ba732f18
24691,20236,3,26,0,100,74,72,72,76561198050250233,2,Team B,0,76561198001151695,3,Team A,0,AK-47,rifle,7,01JSKM0DV9E291W6DT9KZ2A2SX,324954a3ba732f18
24694,20239,3,16,5,71,55,91,86,76561198001151695,3,Team A,0,76561198050250233,2,Team B,0,MP9,smg,3,01JSKM0DHVN15D97JKBGGSD8HB,324954a3ba732f18
24698,20243,3,16,5,55,39,86,81,76561198001151695,3,Team A,0,76561198050250233,2,Team B,0,MP9,smg,3,01JSKM0DHVN15D97JKBGGSD8HB,324954a3ba732f18
24698,20243,3,74,15,74,0,72,57,76561198050250233,2,Team B,0,76561198001151695,3,Team A,0,AK-47,rifle,1,01JSKM0DV9E291W6DT9KZ2A2SX,324954a3ba732f18
25624,21050,3,22,4,91,69,100,96,76561198283989223,3,Team A,0,76561198176878303,2,Team B,0,M4A4,rifle,5,01JSKM0DVP74SKWSR656DWH427,324954a3ba732f18
25627,21053,3,100,15,100,0,86,71,76561198176878303,2,Team B,0,76561198283989223,3,Team A,0,AK-47,rifle,1,01JSKM0DVARBKM1C035HGZJEGF,324954a3ba732f18
25989,21362,3,32,4,100,68,100,96,76561198013243326,2,Team B,0,76561198150673360,3,Team A,0,AK-47,rifle,3,01JSKM0DVQJWHHN5VAFA5BNHJ5,324954a3ba732f18
26003,21375,3,26,3,68,42,96,93,76561198013243326,2,Team B,0,76561198150673360,3,Team A,0,AK-47,rifle,2,01JSKM0DVQJWHHN5VAFA5BNHJ5,324954a3ba732f18
26009,21381,3,32,4,42,10,93,89,76561198013243326,2,Team B,0,76561198150673360,3,Team A,0,AK-47,rifle,3,01JSKM0DVQJWHHN5VAFA5BNHJ5,324954a3ba732f18
26034,21406,3,22,4,39,17,81,77,76561198150673360,3,Team A,0,76561198050250233,2,Team B,0,M4A4,rifle,2,01JSKM0DHS6VD8KRK57BGTYWVF,324954a3ba732f18
26052,21423,3,17,4,17,0,77,73,76561198150673360,3,Team A,0,76561198050250233,2,Team B,0,M4A4,rifle,2,01JSKM0DHS6VD8KRK57BGTYWVF,324954a3ba732f18
26068,21436,3,10,4,10,0,89,85,76561198013243326,2,Team B,0,76561198150673360,3,Team A,0,AK-47,rifle,3,01JSKM0DVQJWHHN5VAFA5BNHJ5,324954a3ba732f18
27311,22536,3,27,3,100,73,100,97,76561198176878303,2,Team B,0,76561198016255205,3,Team A,0,AK-47,rifle,2,01JSKM0DVARBKM1C035HGZJEGF,324954a3ba732f18
27320,22542,3,27,3,73,46,97,94,76561198176878303,2,Team B,0,76561198016255205,3,Team A,0,AK-47,rifle,2,01JSKM0DVARBKM1C035HGZJEGF,324954a3ba732f18
27327,22549,3,27,3,46,19,94,91,76561198176878303,2,Team B,0,76561198016255205,3,Team A,0,AK-47,rifle,2,01JSKM0DVARBKM1C035HGZJEGF,324954a3ba732f18
27333,22555,3,19,3,19,0,91,88,76561198176878303,2,Team B,0,76561198016255205,3,Team A,0,AK-47,rifle,2,01JSKM0DVARBKM1C035HGZJEGF,324954a3ba732f18
29799,24676,3,4,4,69,65,96,92,0,0,World,0,76561198176878303,2,Team B,0,C4,equipment,0,01JSKM0E9X3Y2YFEV1GNE1GZ85,324954a3ba732f18
33643,27548,4,13,4,100,87,92,88,76561198150673360,3,Team A,0,76561198176878303,2,Team B,0,MP9,smg,2,01JSKM0EAWCQHRPF5ZP2SWYNZX,324954a3ba732f18
33645,27550,4,27,3,100,73,100,97,76561198176878303,2,Team B,0,76561198150673360,3,Team A,0,AK-47,rifle,2,01JSKM0DVARBKM1C035HGZJEGF,324954a3ba732f18
33648,27553,4,54,18,87,33,88,70,76561198150673360,3,Team A,0,76561198176878303,2,Team B,0,MP9,smg,1,01JSKM0EAWCQHRPF5ZP2SWYNZX,324954a3ba732f18
33651,27556,4,27,3,73,46,97,94,76561198176878303,2,Team B,0,76561198150673360,3,Team A,0,AK-47,rifle,2,01JSKM0DVARBKM1C035HGZJEGF,324954a3ba732f18
33652,27557,4,13,4,33,20,70,66,76561198150673360,3,Team A,0,76561198176878303,2,Team B,0,MP9,smg,2,01JSKM0EAWCQHRPF5ZP2SWYNZX,324954a3ba732f18
33657,27562,4,13,4,20,7,66,62,76561198150673360,3,Team A,0,76561198176878303,2,Team B,0,MP9,smg,2,01JSKM0EAWCQHRPF5ZP2SWYNZX,324954a3ba732f18
33661,27566,4,7,4,7,0,62,58,76561198150673360,3,Team A,0,76561198176878303,2,Team B,0,MP9,smg,2,01JSKM0EAWCQHRPF5ZP2SWYNZX,324954a3ba732f18
33699,27598,4,34,4,46,12,94,90,76561198246607476,2,Team B,0,76561198150673360,3,Team A,0,AK-47,rifle,3,01JSKM0DV8Z0EH0VAEEJJG4DQ8,324954a3ba732f18
33707,27605,4,12,3,12,0,90,87,76561198246607476,2,Team B,0,76561198150673360,3,Team A,0,AK-47,rifle,2,01JSKM0DV8Z0EH0VAEEJJG4DQ8,324954a3ba732f18
33764,27649,4,23,4,100,77,100,96,76561198283989223,3,Team A,0,76561198050250233,2,Team B,0,M4A1,rifle,2,01JSKM0EAVK7YZRRDJNZZK8FD0,324954a3ba732f18
33774,27659,4,26,3,100,74,100,97,76561198050250233,2,Team B,0,76561198283989223,3,Team A,0,AK-47,rifle,5,01JSKM0EB2S9JPH7DZYPTFTE1X,324954a3ba732f18
33971,27820,4,23,5,77,54,96,91,76561198283989223,3,Team A,0,76561198050250233,2,Team B,0,M4A1,rifle,5,01JSKM0EAVK7YZRRDJNZZK8FD0,324954a3ba732f18
33979,27827,4,23,5,54,31,91,86,76561198283989223,3,Team A,0,76561198050250233,2,Team B,0,M4A1,rifle,2,01JSKM0EAVK7YZRRDJNZZK8FD0,324954a3ba732f18
34000,27844,4,28,6,31,3,86,80,76561198001151695,3,Team A,0,76561198050250233,2,Team B,0,M4A1,rifle,3,01JSKM0EATGXAQBF4K0KTFYK6A,324954a3ba732f18
34002,27846,4,3,5,3,0,80,75,76561198283989223,3,Team A,0,76561198050250233,2,Team B,0,M4A1,rifle,5,01JSKM0EAVK7YZRRDJNZZK8FD0,324954a3ba732f18
34189,28001,4,21,4,100,79,100,96,76561198053126645,3,Team A,0,76561199063068840,2,Team B,0,M4A4,rifle,2,01JSKM0DJ24Z5W4Y8GWDQXB7Z2,324954a3ba732f18
35191,28877,4,27,3,100,73,100,97,76561198246607476,2,Team B,0,76561198001151695,3,Team A,0,AK-47,rifle,2,01JSKM0DV8Z0EH0VAEEJJG4DQ8,324954a3ba732f18
35198,28883,4,24,5,100,76,100,95,76561198001151695,3,Team A,0,76561198246607476,2,Team B,0,M4A1,rifle,5,01JSKM0EATGXAQBF4K0KTFYK6A,324954a3ba732f18
35208,28890,4,24,5,76,52,95,90,76561198001151695,3,Team A,0,76561198246607476,2,Team B,0,M4A1,rifle,5,01JSKM0EATGXAQBF4K0KTFYK6A,324954a3ba732f18
35208,28890,4,27,3,73,46,97,94,76561198246607476,2,Team B,0,76561198001151695,3,Team A,0,AK-47,rifle,2,01JSKM0DV8Z0EH0VAEEJJG4DQ8,324954a3ba732f18
35214,28896,4,27,3,46,19,94,91,76561198246607476,2,Team B,0,76561198001151695,3,Team A,0,AK-47,rifle,2,01JSKM0DV8Z0EH0VAEEJJG4DQ8,324954a3ba732f18
35221,28903,4,19,3,19,0,91,88,76561198246607476,2,Team B,0,76561198001151695,3,Team A,0,AK-47,rifle,2,01JSKM0DV8Z0EH0VAEEJJG4DQ8,324954a3ba732f18
35248,28926,4,30,6,52,22,90,84,76561198283989223,3,Team A,0,76561198246607476,2,Team B,0,M4A1,rifle,3,01JSKM0EAVK7YZRRDJNZZK8FD0,324954a3ba732f18
35251,28929,4,79,18,79,0,96,78,76561198053126645,3,Team A,0,76561199063068840,2,Team B,0,M4A4,rifle,1,01JSKM0DJ24Z5W4Y8GWDQXB7Z2,324954a3ba732f18
35255,28933,4,22,6,22,0,84,78,76561198283989223,3,Team A,0,76561198246607476,2,Team B,0,M4A1,rifle,3,01JSKM0EAVK7YZRRDJNZZK8FD0,324954a3ba732f18
37340,30755,4,100,16,100,0,100,84,76561198053126645,3,Team A,0,76561198013243326,2,Team B,0,AK-47,rifle,1,01JSKM0DV9E291W6DT9KZ2A2SX,324954a3ba732f18
42152,34450,5,10,6,100,90,100,94,76561198016255205,3,Team A,0,76561198176878303,2,Team B,0,HE Grenade,grenade,0,01JSKM0ENCFMJM0RBFXPPGD9C5,324954a3ba732f18
43680,35738,5,38,25,90,52,94,69,76561198001151695,3,Team A,0,76561198176878303,2,Team B,0,HE Grenade,grenade,0,01JSKM0EJE9MSJNK87EQRVMWWB,324954a3ba732f18
45275,37113,5,100,16,100,0,100,84,76561198176878303,2,Team B,0,76561198283989223,3,Team A,0,AK-47,rifle,1,01JSKM0DXKM882XEYMT1F9WY3X,324954a3ba732f18
45458,37264,5,21,0,100,79,100,100,76561198246607476,2,Team B,0,76561198016255205,3,Team A,0,Galil AR,rifle,7,01JSKM0DX35X45PKK67H5KZ0XS,324954a3ba732f18
45466,37270,5,22,3,79,57,100,97,76561198246607476,2,Team B,0,76561198016255205,3,Team A,0,Galil AR,rifle,2,01JSKM0DX35X45PKK67H5KZ0XS,324954a3ba732f18
45477,37281,5,100,15,100,0,100,85,76561198016255205,3,Team A,0,76561198246607476,2,Team B,0,AK-47,rifle,1,01JSKM0DV8Z0EH0VAEEJJG4DQ8,324954a3ba732f18
45648,37414,5,31,21,100,69,100,79,76561198176878303,2,Team B,0,76561198001151695,3,Team A,0,HE Grenade,grenade,0,01JSKM0EJPZG2BQXC2HTNXVW3D,324954a3ba732f18
45648,37414,5,6,4,100,94,100,96,76561198176878303,2,Team B,0,76561198150673360,3,Team A,0,HE Grenade,grenade,0,01JSKM0EJPZG2BQXC2HTNXVW3D,324954a3ba732f18
45904,37635,5,26,3,100,74,100,97,76561198176878303,2,Team B,0,76561198053126645,3,Team A,0,AK-47,rifle,2,01JSKM0DXKM882XEYMT1F9WY3X,324954a3ba732f18
45907,37638,5,52,15,52,0,69,54,76561198053126645,3,Team A,0,76561198176878303,2,Team B,0,AK-47,rifle,1,01JSKM0DVQJWHHN5VAFA5BNHJ5,324954a3ba732f18
48290,39757,5,26,3,94,68,96,93,76561198050250233,2,Team B,0,76561198150673360,3,Team A,0,AK-47,rifle,5,01JSKM0DVNRWK3A93M8X6SBTV2,324954a3ba732f18
48320,39784,5,82,17,100,18,100,83,76561198150673360,3,Team A,0,76561198050250233,2,Team B,0,M4A1,rifle,1,01JSKM0EJBZ5YQKBQS18SRHZ75,324954a3ba732f18
48325,39789,5,26,3,68,42,93,90,76561198050250233,2,Team B,0,76561198150673360,3,Team A,0,AK-47,rifle,4,01JSKM0DVNRWK3A93M8X6SBTV2,324954a3ba732f18
48326,39790,5,18,17,18,0,83,66,76561198150673360,3,Team A,0,76561198050250233,2,Team B,0,M4A1,rifle,1,01JSKM0EJBZ5YQKBQS18SRHZ75,324954a3ba732f18
48339,39803,5,30,6,100,70,100,94,76561198150673360,3,Team A,0,76561199063068840,2,Team B,0,M4A1,rifle,3,01JSKM0EJBZ5YQKBQS18SRHZ75,324954a3ba732f18
48339,39803,5,24,5,100,46,100,89,76561198001151695,3,Team A,0,76561199063068840,2,Team B,0,M4A1,rifle,2,01JSKM0EJ6T85SEY0B2D2KC5PM,324954a3ba732f18
49156,40505,5,27,3,74,47,97,94,76561198013243326,2,Team B,0,76561198053126645,3,Team A,0,AK-47,rifle,5,01JSKM0EJAN0NQ592JW7XBX4HV,324954a3ba732f18
49164,40512,5,27,3,47,20,94,91,76561198013243326,2,Team B,0,76561198053126645,3,Team A,0,AK-47,rifle,5,01JSKM0EJAN0NQ592JW7XBX4HV,324954a3ba732f18
49170,40518,5,27,3,100,73,100,97,76561198053126645,3,Team A,0,76561198013243326,2,Team B,0,AK-47,rifle,2,01JSKM0DVQJWHHN5VAFA5BNHJ5,324954a3ba732f18
49653,40937,5,1,0,20,19,91,91,76561198013243326,2,Team B,0,76561198053126645,3,Team A,0,HE Grenade,grenade,0,01JSKM0EJCNHEZ8JD3T817AVX4,324954a3ba732f18
49674,40956,5,19,36,19,0,91,55,76561198013243326,2,Team B,0,76561198053126645,3,Team A,0,HE Grenade,grenade,0,01JSKM0EJCNHEZ8JD3T817AVX4,324954a3ba732f18
50148,41358,5,24,5,73,49,97,92,76561198150673360,3,Team A,0,76561198013243326,2,Team B,0,M4A1,rifle,5,01JSKM0EJBZ5YQKBQS18SRHZ75,324954a3ba732f18
50150,41360,5,42,1,42,0,90,89,76561199063068840,2,Team B,0,76561198150673360,3,Team A,0,AWP,sniper,2,01JSKM0EJGG6G9S349YJ7PGNDW,324954a3ba732f18
50289,41474,5,69,1,69,0,79,78,76561199063068840,2,Team B,0,76561198001151695,3,Team A,0,AWP,sniper,2,01JSKM0EJGG6G9S349YJ7PGNDW,324954a3ba732f18
50779,41914,5,57,1,57,0,97,96,76561199063068840,2,Team B,0,76561198016255205,3,Team A,0,AWP,sniper,3,01JSKM0EJGG6G9S349YJ7PGNDW,324954a3ba732f18
54087,44307,6,25,16,100,75,100,84,76561198053126645,3,Team A,0,76561198176878303,2,Team B,0,HE Grenade,grenade,0,01JSKM0F04N217S5T28X8S14GJ,324954a3ba732f18
58950,48481,6,56,18,100,44,100,82,76561198053126645,3,Team A,0,76561198246607476,2,Team B,0,MP9,smg,1,01JSKM0EZYP3HEKCKKP2MH6M23,324954a3ba732f18
58951,48482,6,44,18,44,0,82,64,76561198150673360,3,Team A,0,76561198246607476,2,Team B,0,MP9,smg,1,01JSKM0F01HVDN092Q8TPDF91S,324954a3ba732f18
58977,48504,6,50,16,100,50,100,84,76561198150673360,3,Team A,0,76561198050250233,2,Team B,0,MP9,smg,1,01JSKM0F01HVDN092Q8TPDF91S,324954a3ba732f18
58986,48511,6,27,3,100,73,100,97,76561198050250233,2,Team B,0,76561198283989223,3,Team A,0,AK-47,rifle,2,01JSKM0EJAN0NQ592JW7XBX4HV,324954a3ba732f18
58990,48515,6,27,3,100,73,100,97,76561198176878303,2,Team B,0,76561198150673360,3,Team A,0,AK-47,rifle,5,01JSKM0F09CJ9T68W0KD8A6ABE,324954a3ba732f18
58994,48518,6,27,3,73,46,97,94,76561198050250233,2,Team B,0,76561198283989223,3,Team A,0,AK-47,rifle,5,01JSKM0EJAN0NQ592JW7XBX4HV,324954a3ba732f18
58994,48518,6,15,2,73,58,97,95,76561198050250233,2,Team B,0,76561198150673360,3,Team A,0,AK-47,rifle,2,01JSKM0EJAN0NQ592JW7XBX4HV,324954a3ba732f18
58995,48519,6,50,5,50,0,84,79,76561198283989223,3,Team A,0,76561198050250233,2,Team B,0,Desert Eagle,pistol,1,01JSKM0F07V6K18C0KKCVWG6ZV,324954a3ba732f18
59005,48528,6,26,0,46,20,94,94,76561198176878303,2,Team B,0,76561198283989223,3,Team A,0,AK-47,rifle,7,01JSKM0F09CJ9T68W0KD8A6ABE,324954a3ba732f18
59022,48542,6,40,1,75,35,84,83,76561198283989223,3,Team A,0,76561198176878303,2,Team B,0,Desert Eagle,pistol,5,01JSKM0F07V6K18C0KKCVWG6ZV,324954a3ba732f18
59069,48579,6,20,3,20,0,94,91,76561198176878303,2,Team B,0,76561198283989223,3,Team A,0,AK-47,rifle,3,01JSKM0F09CJ9T68W0KD8A6ABE,324954a3ba732f18
59157,48659,6,14,4,100,86,89,85,76561198053126645,3,Team A,0,76561199063068840,2,Team B,0,MP9,smg,3,01JSKM0EZYP3HEKCKKP2MH6M23,324954a3ba732f18
59271,48748,6,1,0,100,99,100,100,76561198176878303,2,Team B,0,76561198053126645,3,Team A,0,Molotov,grenade,0,01JSKM0F0CRAPF9W6ZWDBZV8YV,324954a3ba732f18
59287,48761,6,2,0,99,97,100,100,76561198176878303,2,Team B,0,76561198053126645,3,Team A,0,Molotov,grenade,0,01JSKM0F0CRAPF9W6ZWDBZV8YV,324954a3ba732f18
59295,48766,6,1,1,35,34,83,82,76561198150673360,3,Team A,0,76561198176878303,2,Team B,0,HE Grenade,grenade,0,01JSKM0DHVN15D97JKB3ZJ3YR3,324954a3ba732f18
59334,48804,6,13,4,100,87,92,88,76561198001151695,3,Team A,0,76561198013243326,2,Team B,0,MP9,smg,2,01JSKM0F00501XCX0828M8R89D,324954a3ba732f18
59338,48808,6,13,4,87,74,88,84,76561198001151695,3,Team A,0,76561198013243326,2,Team B,0,MP9,smg,2,01JSKM0F00501XCX0828M8R89D,324954a3ba732f18
59344,48813,6,13,4,74,61,84,80,76561198001151695,3,Team A,0,76561198013243326,2,Team B,0,MP9,smg,4,01JSKM0F00501XCX0828M8R89D,324954a3ba732f18
59357,48826,6,13,4,61,48,80,76,76561198001151695,3,Team A,0,76561198013243326,2,Team B,0,MP9,smg,2,01JSKM0F00501XCX0828M8R89D,324954a3ba732f18
59377,48846,6,27,3,100,73,100,97,76561198013243326,2,Team B,0,76561198001151695,3,Team A,0,AK-47,rifle,2,01JSKM0EZXY9KSQR1R5N7C5MR3,324954a3ba732f18
59390,48858,6,34,4,73,39,97,93,76561198013243326,2,Team B,0,76561198001151695,3,Team A,0,AK-47,rifle,3,01JSKM0EZXY9KSQR1R5N7C5MR3,324954a3ba732f18
59400,48867,6,13,4,48,35,76,72,76561198001151695,3,Team A,0,76561198013243326,2,Team B,0,MP9,smg,5,01JSKM0F00501XCX0828M8R89D,324954a3ba732f18
59404,48871,6,13,4,35,22,72,68,76561198001151695,3,Team A,0,76561198013243326,2,Team B,0,MP9,smg,5,01JSKM0F00501XCX0828M8R89D,324954a3ba732f18
59404,48871,6,39,15,39,0,93,78,76561198013243326,2,Team B,0,76561198001151695,3,Team A,0,AK-47,rifle,1,01JSKM0EZXY9KSQR1R5N7C5MR3,324954a3ba732f18
59458,48916,6,22,6,22,0,68,62,76561198016255205,3,Team A,0,76561198013243326,2,Team B,0,M4A1,rifle,3,01JSKM0EZXY9KSQR1R5Q1QB88K,324954a3ba732f18
60282,49632,6,12,2,86,74,85,83,76561198016255205,3,Team A,0,76561199063068840,2,Team B,0,M4A1,rifle,2,01JSKM0EZXY9KSQR1R5Q1QB88K,324954a3ba732f18
60713,49986,6,1,0,100,99,100,100,76561199063068840,2,Team B,0,76561198016255205,3,Team A,0,Molotov,grenade,0,01JSKM0EZJCYMJBADRMNMT481T,324954a3ba732f18
60726,49999,6,2,0,99,97,100,100,76561199063068840,2,Team B,0,76561198016255205,3,Team A,0,Molotov,grenade,0,01JSKM0EZJCYMJBADRMNMT481T,324954a3ba732f18
60735,50008,6,24,5,74,50,83,78,76561198016255205,3,Team A,0,76561199063068840,2,Team B,0,M4A1,rifle,2,01JSKM0EZXY9KSQR1R5Q1QB88K,324954a3ba732f18
60739,50012,6,3,0,97,94,100,100,76561199063068840,2,Team B,0,76561198016255205,3,Team A,0,Molotov,grenade,0,01JSKM0EZJCYMJBADRMNMT481T,324954a3ba732f18
60742,50015,6,24,5,50,26,78,73,76561198016255205,3,Team A,0,76561199063068840,2,Team B,0,M4A1,rifle,2,01JSKM0EZXY9KSQR1R5Q1QB88K,324954a3ba732f18
60750,50021,6,24,5,26,2,73,68,76561198016255205,3,Team A,0,76561199063068840,2,Team B,0,M4A1,rifle,2,01JSKM0EZXY9KSQR1R5Q1QB88K,324954a3ba732f18
60753,50024,6,4,0,94,90,100,100,76561199063068840,2,Team B,0,76561198016255205,3,Team A,0,Molotov,grenade,0,01JSKM0EZJCYMJBADRMNMT481T,324954a3ba732f18
60756,50027,6,1,0,90,89,100,100,76561199063068840,2,Team B,0,76561198016255205,3,Team A,0,Smoke Grenade,grenade,0,01JSKM0EJ71WMJHYCQWDB5ZVTM,324954a3ba732f18
60758,50028,6,2,2,2,0,68,66,76561198150673360,3,Team A,0,76561199063068840,2,Team B,0,HE Grenade,grenade,0,01JSKM0EZZ6Y5T61W4JWHVRMA9,324954a3ba732f18
60768,50037,6,4,0,89,85,100,100,76561199063068840,2,Team B,0,76561198016255205,3,Team A,0,Molotov,grenade,0,01JSKM0EZJCYMJBADRMNMT481T,324954a3ba732f18
60821,50083,6,34,4,85,51,100,96,76561198176878303,2,Team B,0,76561198016255205,3,Team A,0,AK-47,rifle,3,01JSKM0F09CJ9T68W0KD8A6ABE,324954a3ba732f18
60836,50096,6,27,3,51,24,96,93,76561198176878303,2,Team B,0,76561198016255205,3,Team A,0,AK-47,rifle,2,01JSKM0F09CJ9T68W0KD8A6ABE,324954a3ba732f18
60845,50103,6,24,3,24,0,93,90,76561198176878303,2,Team B,0,76561198016255205,3,Team A,0,AK-47,rifle,2,01JSKM0F09CJ9T68W0KD8A6ABE,324954a3ba732f18
62090,51210,6,27,3,58,31,95,92,76561198176878303,2,Team B,0,76561198150673360,3,Team A,0,AK-47,rifle,2,01JSKM0F09CJ9T68W0KD8A6ABE,324954a3ba732f18
62091,51211,6,34,15,34,0,82,67,76561198150673360,3,Team A,0,76561198176878303,2,Team B,0,AK-47,rifle,1,01JSKM0EZXY9KSQR1R5N7C5MR3,324954a3ba732f18
66216,54330,7,100,0,100,0,0,0,76561198283989223,3,Team A,0,76561198013243326,2,Team B,0,AWP,sniper,2,01JSKM0EJGG6G9S349YJ7PGNDW,324954a3ba732f18
69214,56875,7,6,0,100,94,0,0,76561198001151695,3,Team A,0,76561198050250233,2,Team B,0,HE Grenade,grenade,0,01JSKM0EJCNHEZ8JD3T2FDMAGG,324954a3ba732f18
71343,58733,7,17,0,100,83,100,100,76561198050250233,2,Team B,0,76561198001151695,3,Team A,0,Desert Eagle,pistol,5,01JSKM0FC0XGFKP1GFF7S6Z5PG,324954a3ba732f18
71352,58740,7,40,0,94,54,0,0,76561198001151695,3,Team A,0,76561198050250233,2,Team B,0,M4A1,rifle,3,01JSKM0FC1KMM3S39W8DVXZ2YG,324954a3ba732f18
71619,58980,7,40,0,54,14,0,0,76561198001151695,3,Team A,0,76561198050250233,2,Team B,0,M4A1,rifle,3,01JSKM0FC1KMM3S39W8DVXZ2YG,324954a3ba732f18
71625,58986,7,14,0,14,0,0,0,76561198001151695,3,Team A,0,76561198050250233,2,Team B,0,M4A1,rifle,3,01JSKM0FC1KMM3S39W8DVXZ2YG,324954a3ba732f18
72159,59452,7,32,0,100,68,0,0,76561198001151695,3,Team A,0,76561198246607476,2,Team B,0,M4A1,rifle,2,01JSKM0FC1KMM3S39W8DVXZ2YG,324954a3ba732f18
72169,59461,7,32,0,68,36,0,0,76561198001151695,3,Team A,0,76561198246607476,2,Team B,0,M4A1,rifle,2,01JSKM0FC1KMM3S39W8DVXZ2YG,324954a3ba732f18
72311,59586,7,32,0,36,4,0,0,76561198001151695,3,Team A,0,76561198246607476,2,Team B,0,M4A1,rifle,2,01JSKM0FC1KMM3S39W8DVXZ2YG,324954a3ba732f18
72613,59857,7,10,6,100,90,100,94,76561199063068840,2,Team B,0,76561198016255205,3,Team A,0,Glock-18,pistol,2,01JSKM0FA5R4PP6Z4W24BTKTKE,324954a3ba732f18
72638,59879,7,35,0,100,65,0,0,76561198001151695,3,Team A,0,76561199063068840,2,Team B,0,M4A1,rifle,2,01JSKM0FC1KMM3S39W8DVXZ2YG,324954a3ba732f18
72651,59889,7,35,0,65,30,0,0,76561198150673360,3,Team A,0,76561199063068840,2,Team B,0,AK-47,rifle,2,01JSKM0EZXY9KSQR1R5N7C5MR3,324954a3ba732f18
72654,59892,7,30,0,30,0,0,0,76561198001151695,3,Team A,0,76561199063068840,2,Team B,0,M4A1,rifle,2,01JSKM0FC1KMM3S39W8DVXZ2YG,324954a3ba732f18
72671,59906,7,34,0,100,66,0,0,76561198016255205,3,Team A,0,76561198176878303,2,Team B,0,M4A1,rifle,2,01JSKM0FBYKCBC6NR3XT5D6X2J,324954a3ba732f18
72677,59912,7,34,0,66,32,0,0,76561198016255205,3,Team A,0,76561198176878303,2,Team B,0,M4A1,rifle,5,01JSKM0FBYKCBC6NR3XT5D6X2J,324954a3ba732f18
72684,59919,7,32,0,32,0,0,0,76561198016255205,3,Team A,0,76561198176878303,2,Team B,0,M4A1,rifle,2,01JSKM0FBYKCBC6NR3XT5D6X2J,324954a3ba732f18
72787,60017,7,4,0,4,0,0,0,76561198016255205,3,Team A,0,76561198246607476,2,Team B,0,M4A1,rifle,2,01JSKM0FBYKCBC6NR3XT5D6X2J,324954a3ba732f18
79320,65055,8,4,3,100,96,100,97,76561198283989223,3,Team A,0,76561198283989223,3,Team A,0,HE Grenade,grenade,0,01JSKM0FTNZ87WGE3R62AGZT8H,324954a3ba732f18
79323,65057,8,10,7,100,90,100,93,76561198016255205,3,Team A,0,76561198246607476,2,Team B,0,HE Grenade,grenade,0,01JSKM0FTPVMK35HPH5AF378ZT,324954a3ba732f18
80372,65949,8,11,7,90,79,93,86,76561198053126645,3,Team A,0,76561198246607476,2,Team B,0,HE Grenade,grenade,0,01JSKM0FPR87M99NHN8P0XXT1P,324954a3ba732f18
80814,66317,8,100,1,100,0,100,99,76561198283989223,3,Team A,0,76561198176878303,2,Team B,0,AWP,sniper,2,01JSKM0EJGG6G9S349YJ7PGNDW,324954a3ba732f18
80834,66332,8,27,18,96,69,97,79,76561198176878303,2,Team B,0,76561198283989223,3,Team A,0,HE Grenade,grenade,0,01JSKM0FWXK2CGTM4X3Z0D7VRS,324954a3ba732f18
80834,66332,8,27,18,100,73,100,82,76561198176878303,2,Team B,0,76561198150673360,3,Team A,0,HE Grenade,grenade,0,01JSKM0FWXK2CGTM4X3Z0D7VRS,324954a3ba732f18
81603,66968,8,22,4,79,57,86,82,76561198053126645,3,Team A,0,76561198246607476,2,Team B,0,M4A4,rifle,2,01JSKM0EJ1ZPGPPXCYY6K7KRV7,324954a3ba732f18
81611,66974,8,22,4,57,35,82,78,76561198053126645,3,Team A,0,76561198246607476,2,Team B,0,M4A4,rifle,2,01JSKM0EJ1ZPGPPXCYY6K7KRV7,324954a3ba732f18
81634,66994,8,26,3,100,74,100,97,76561199063068840,2,Team B,0,76561198053126645,3,Team A,0,AK-47,rifle,5,01JSKM0EJJ9NDQ0YQDWZ7J2QPA,324954a3ba732f18
83607,68670,8,69,15,69,0,79,64,76561199063068840,2,Team B,0,76561198283989223,3,Team A,0,AK-47,rifle,1,01JSKM0EJJ9NDQ0YQDWZ7J2QPA,324954a3ba732f18
84452,69420,8,27,3,100,73,100,97,76561198150673360,3,Team A,0,76561199063068840,2,Team B,0,AK-47,rifle,2,01JSKM0EZXY9KSQR1R5N7C5MR3,324954a3ba732f18
84462,69427,8,27,3,73,46,97,94,76561198150673360,3,Team A,0,76561199063068840,2,Team B,0,AK-47,rifle,5,01JSKM0EZXY9KSQR1R5N7C5MR3,324954a3ba732f18
84478,69440,8,27,3,46,19,94,91,76561198150673360,3,Team A,0,76561199063068840,2,Team B,0,AK-47,rifle,2,01JSKM0EZXY9KSQR1R5N7C5MR3,324954a3ba732f18
84486,69446,8,19,3,19,0,91,88,76561198150673360,3,Team A,0,76561199063068840,2,Team B,0,AK-47,rifle,2,01JSKM0EZXY9KSQR1R5N7C5MR3,324954a3ba732f18
84488,69448,8,26,3,100,74,94,91,76561198013243326,2,Team B,0,76561198016255205,3,Team A,0,AK-47,rifle,2,01JSKM0EZCGYDT3W4WZE5M17CJ,324954a3ba732f18
84504,69461,8,26,3,74,48,91,88,76561198013243326,2,Team B,0,76561198016255205,3,Team A,0,AK-47,rifle,2,01JSKM0EZCGYDT3W4WZE5M17CJ,324954a3ba732f18
84511,69467,8,27,3,48,21,88,85,76561198013243326,2,Team B,0,76561198016255205,3,Team A,0,AK-47,rifle,4,01JSKM0EZCGYDT3W4WZE5M17CJ,324954a3ba732f18
84516,69471,8,24,5,100,76,100,95,76561198016255205,3,Team A,0,76561198013243326,2,Team B,0,M4A1,rifle,2,01JSKM0FBYKCBC6NR3XT5D6X2J,324954a3ba732f18
84524,69477,8,7,1,76,69,95,94,76561198016255205,3,Team A,0,76561198013243326,2,Team B,0,M4A1,rifle,2,01JSKM0FBYKCBC6NR3XT5D6X2J,324954a3ba732f18
84532,69484,8,39,8,69,30,94,86,76561198016255205,3,Team A,0,76561198013243326,2,Team B,0,M4A1,rifle,1,01JSKM0FBYKCBC6NR3XT5D6X2J,324954a3ba732f18
84549,69497,8,30,17,30,0,86,69,76561198016255205,3,Team A,0,76561198013243326,2,Team B,0,M4A1,rifle,1,01JSKM0FBYKCBC6NR3XT5D6X2J,324954a3ba732f18
84680,69618,8,27,4,74,47,97,93,76561198246607476,2,Team B,0,76561198053126645,3,Team A,0,AK-47,rifle,2,01JSKM0FPN4MSHFN0MBCSGHZ57,324954a3ba732f18
84698,69631,8,27,4,47,20,93,89,76561198246607476,2,Team B,0,76561198053126645,3,Team A,0,AK-47,rifle,2,01JSKM0FPN4MSHFN0MBCSGHZ57,324954a3ba732f18
84713,69644,8,20,4,20,0,89,85,76561198246607476,2,Team B,0,76561198053126645,3,Team A,0,AK-47,rifle,4,01JSKM0FPN4MSHFN0MBCSGHZ57,324954a3ba732f18
84766,69685,8,21,3,21,0,85,82,76561198050250233,2,Team B,0,76561198016255205,3,Team A,0,AK-47,rifle,4,01JSKM0FPN4MSHFN0MBDDQN96Y,324954a3ba732f18
85700,70492,8,31,21,35,4,78,57,76561198001151695,3,Team A,0,76561198246607476,2,Team B,0,HE Grenade,grenade,0,01JSKM0FPHP6PBHDT1Z2YPAB1M,324954a3ba732f18
85898,70662,8,33,4,73,40,82,78,76561198050250233,2,Team B,0,76561198150673360,3,Team A,0,AK-47,rifle,3,01JSKM0FPN4MSHFN0MBDDQN96Y,324954a3ba732f18
85902,70666,8,100,15,100,0,100,85,76561198150673360,3,Team A,0,76561198050250233,2,Team B,0,AK-47,rifle,1,01JSKM0EZXY9KSQR1R5N7C5MR3,324954a3ba732f18
85965,70727,8,4,0,4,0,57,57,76561198001151695,3,Team A,0,76561198246607476,2,Team B,0,Incendiary Grenade,grenade,0,01JSKM0FPGRXKKHW9NY6XMNXZN,324954a3ba732f18
90422,74143,9,12,8,100,88,100,92,76561198283989223,3,Team A,0,76561198283989223,3,Team A,0,HE Grenade,grenade,0,01JSKM0EFX91JQ6B4RABCS07H1,324954a3ba732f18
90735,74400,9,22,4,100,78,100,96,76561198053126645,3,Team A,0,76561198246607476,2,Team B,0,M4A4,rifle,5,01JSKM0G464ZH4EAGB3Z4KG29W,324954a3ba732f18
90747,74412,9,22,4,78,56,96,92,76561198053126645,3,Team A,0,76561198246607476,2,Team B,0,M4A4,rifle,2,01JSKM0G464ZH4EAGB3Z4KG29W,324954a3ba732f18
90753,74417,9,22,4,56,34,92,88,76561198053126645,3,Team A,0,76561198246607476,2,Team B,0,M4A4,rifle,2,01JSKM0G464ZH4EAGB3Z4KG29W,324954a3ba732f18
90754,74418,9,25,1,100,75,100,99,76561198246607476,2,Team B,0,76561198053126645,3,Team A,0,Tec-9,pistol,2,01JSKM0G4933QJX8EW60M041Q5,324954a3ba732f18
90766,74427,9,25,1,75,50,99,98,76561198246607476,2,Team B,0,76561198053126645,3,Team A,0,Tec-9,pistol,2,01JSKM0G4933QJX8EW60M041Q5,324954a3ba732f18
90767,74429,9,34,19,34,0,88,69,76561198053126645,3,Team A,0,76561198246607476,2,Team B,0,M4A4,rifle,1,01JSKM0G464ZH4EAGB3Z4KG29W,324954a3ba732f18
91590,75119,9,100,15,100,0,78,63,76561199063068840,2,Team B,0,76561198150673360,3,Team A,0,AK-47,rifle,1,01JSKM0ER07XRK6JCQYKM7P0DM,324954a3ba732f18
92018,75479,9,27,3,100,73,100,97,76561198001151695,3,Team A,0,76561198176878303,2,Team B,0,AK-47,rifle,2,01JSKM0FPN4MSHFN0MBCSGHZ57,324954a3ba732f18
92022,75483,9,86,4,100,14,100,96,76561198176878303,2,Team B,0,76561198001151695,3,Team A,0,Tec-9,pistol,1,01JSKM0G456J7P280XFZ91VDEJ,324954a3ba732f18
92024,75485,9,27,3,73,46,97,94,76561198001151695,3,Team A,0,76561198176878303,2,Team B,0,AK-47,rifle,2,01JSKM0FPN4MSHFN0MBCSGHZ57,324954a3ba732f18
92034,75492,9,16,2,46,30,94,92,76561198001151695,3,Team A,0,76561198176878303,2,Team B,0,AK-47,rifle,3,01JSKM0FPN4MSHFN0MBCSGHZ57,324954a3ba732f18
92055,75504,9,27,3,30,3,92,89,76561198001151695,3,Team A,0,76561198176878303,2,Team B,0,AK-47,rifle,2,01JSKM0FPN4MSHFN0MBCSGHZ57,324954a3ba732f18
92062,75511,9,3,3,3,0,89,86,76561198001151695,3,Team A,0,76561198176878303,2,Team B,0,AK-47,rifle,2,01JSKM0FPN4MSHFN0MBCSGHZ57,324954a3ba732f18
92139,75581,9,24,0,100,76,0,0,76561198001151695,3,Team A,0,76561198050250233,2,Team B,0,AK-47,rifle,1,01JSKM0FPN4MSHFN0MBCSGHZ57,324954a3ba732f18
92146,75588,9,65,0,76,11,0,0,76561198001151695,3,Team A,0,76561198050250233,2,Team B,0,AK-47,rifle,1,01JSKM0FPN4MSHFN0MBCSGHZ57,324954a3ba732f18
92157,75596,9,93,4,100,7,100,96,76561198013243326,2,Team B,0,76561198016255205,3,Team A,0,Tec-9,pistol,1,01JSKM0EZCGYDT3W4WZNKGBY7E,324954a3ba732f18
92162,75600,9,100,0,100,0,100,100,76561198016255205,3,Team A,0,76561198013243326,2,Team B,0,M4A4,rifle,1,01JSKM0F04N217S5T28YRWVJWE,324954a3ba732f18
92370,75778,9,14,1,14,0,96,95,76561198050250233,2,Team B,0,76561198001151695,3,Team A,0,Desert Eagle,pistol,5,01JSKM0EAYEPVMBKJAE0Z1W86G,324954a3ba732f18
92744,76092,9,11,0,11,0,0,0,76561198283989223,3,Team A,0,76561198050250233,2,Team B,0,Dual Berettas,pistol,2,01JSKM0G44Y9QGPGM5J7ZX8YPH,324954a3ba732f18
92822,76164,9,34,4,88,54,92,88,76561199063068840,2,Team B,0,76561198283989223,3,Team A,0,AK-47,rifle,3,01JSKM0ER07XRK6JCQYKM7P0DM,324954a3ba732f18
92832,76170,9,27,3,54,27,88,85,76561199063068840,2,Team B,0,76561198283989223,3,Team A,0,AK-47,rifle,2,01JSKM0ER07XRK6JCQYKM7P0DM,324954a3ba732f18
92840,76177,9,27,3,27,0,85,82,76561199063068840,2,Team B,0,76561198283989223,3,Team A,0,AK-47,rifle,2,01JSKM0ER07XRK6JCQYKM7P0DM,324954a3ba732f18
93025,76341,9,7,3,7,0,96,93,76561199063068840,2,Team B,0,76561198016255205,3,Team A,0,AK-47,rifle,2,01JSKM0ER07XRK6JCQYKM7P0DM,324954a3ba732f18
98238,80988,9,27,4,50,23,98,94,76561199063068840,2,Team B,0,76561198053126645,3,Team A,0,AK-47,rifle,2,01JSKM0ER07XRK6JCQYKM7P0DM,324954a3ba732f18
98246,80994,9,23,16,23,0,94,78,76561199063068840,2,Team B,0,76561198053126645,3,Team A,0,AK-47,rifle,1,01JSKM0ER07XRK6JCQYKM7P0DM,324954a3ba732f18
101187,83065,10,1,0,100,99,100,100,76561198050250233,2,Team B,0,76561198150673360,3,Team A,0,Molotov,grenade,0,01JSKM0GENX6HE2AGCB45NBVWX,324954a3ba732f18
101187,83065,10,1,0,100,99,100,100,76561198050250233,2,Team B,0,76561198283989223,3,Team A,0,Molotov,grenade,0,01JSKM0GENX6HE2AGCB45NBVWX,324954a3ba732f18
101205,83078,10,2,0,99,97,100,100,76561198050250233,2,Team B,0,76561198150673360,3,Team A,0,Molotov,grenade,0,01JSKM0GENX6HE2AGCB45NBVWX,324954a3ba732f18
101205,83078,10,2,0,99,97,100,100,76561198050250233,2,Team B,0,76561198283989223,3,Team A,0,Molotov,grenade,0,01JSKM0GENX6HE2AGCB45NBVWX,324954a3ba732f18
101224,83091,10,3,0,97,94,100,100,76561198050250233,2,Team B,0,76561198150673360,3,Team A,0,Molotov,grenade,0,01JSKM0GENX6HE2AGCB45NBVWX,324954a3ba732f18
101224,83091,10,3,0,97,94,100,100,76561198050250233,2,Team B,0,76561198283989223,3,Team A,0,Molotov,grenade,0,01JSKM0GENX6HE2AGCB45NBVWX,324954a3ba732f18
101240,83103,10,4,0,94,90,100,100,76561198050250233,2,Team B,0,76561198150673360,3,Team A,0,Molotov,grenade,0,01JSKM0GENX6HE2AGCB45NBVWX,324954a3ba732f18
101240,83103,10,4,0,94,90,100,100,76561198050250233,2,Team B,0,76561198283989223,3,Team A,0,Molotov,grenade,0,01JSKM0GENX6HE2AGCB45NBVWX,324954a3ba732f18
101259,83116,10,4,0,90,86,100,100,76561198050250233,2,Team B,0,76561198150673360,3,Team A,0,Molotov,grenade,0,01JSKM0GENX6HE2AGCB45NBVWX,324954a3ba732f18
101259,83116,10,4,0,90,86,100,100,76561198050250233,2,Team B,0,76561198283989223,3,Team A,0,Molotov,grenade,0,01JSKM0GENX6HE2AGCB45NBVWX,324954a3ba732f18
101276,83129,10,5,0,86,81,100,100,76561198050250233,2,Team B,0,76561198150673360,3,Team A,0,Molotov,grenade,0,01JSKM0GENX6HE2AGCB45NBVWX,324954a3ba732f18
101276,83129,10,5,0,86,81,100,100,76561198050250233,2,Team B,0,76561198283989223,3,Team A,0,Molotov,grenade,0,01JSKM0GENX6HE2AGCB45NBVWX,324954a3ba732f18
101293,83142,10,6,0,81,75,100,100,76561198050250233,2,Team B,0,76561198283989223,3,Team A,0,Molotov,grenade,0,01JSKM0GENX6HE2AGCB45NBVWX,324954a3ba732f18
101306,83155,10,7,0,75,68,100,100,76561198050250233,2,Team B,0,76561198283989223,3,Team A,0,Molotov,grenade,0,01JSKM0GENX6HE2AGCB45NBVWX,324954a3ba732f18
101919,83658,10,25,0,81,56,100,100,76561198176878303,2,Team B,0,76561198150673360,3,Team A,0,AK-47,rifle,7,01JSKM0GEPW7AR9JGDG2BQRSWS,324954a3ba732f18
101935,83670,10,22,4,100,78,100,96,76561198150673360,3,Team A,0,76561198176878303,2,Team B,0,M4A1,rifle,2,01JSKM0GEY6A0G4M4J74TFN5VS,324954a3ba732f18
101949,83681,10,7,1,56,49,100,99,76561198176878303,2,Team B,0,76561198150673360,3,Team A,0,AK-47,rifle,3,01JSKM0GEPW7AR9JGDG2BQRSWS,324954a3ba732f18
101957,83688,10,32,4,49,17,99,95,76561198176878303,2,Team B,0,76561198150673360,3,Team A,0,AK-47,rifle,3,01JSKM0GEPW7AR9JGDG2BQRSWS,324954a3ba732f18
101964,83694,10,17,0,17,0,95,95,76561198176878303,2,Team B,0,76561198150673360,3,Team A,0,AK-47,rifle,7,01JSKM0GEPW7AR9JGDG2BQRSWS,324954a3ba732f18
102471,84112,10,40,27,78,38,96,69,76561198053126645,3,Team A,0,76561198176878303,2,Team B,0,HE Grenade,grenade,0,01JSKM0GENX6HE2AGCAXE3B3HY,324954a3ba732f18
102471,84112,10,34,23,100,66,100,77,76561198053126645,3,Team A,0,76561199063068840,2,Team B,0,HE Grenade,grenade,0,01JSKM0GENX6HE2AGCAXE3B3HY,324954a3ba732f18
103023,84524,10,0,0,38,38,69,69,76561198053126645,3,Team A,0,76561198176878303,2,Team B,0,HE Grenade,grenade,0,01JSKM0GEX5J64DX58KX5F97WE,324954a3ba732f18
104802,86009,10,47,31,66,19,77,46,76561198001151695,3,Team A,0,76561199063068840,2,Team B,0,HE Grenade,grenade,0,01JSKM0FW6Q014VWAZ6SGJW83Y,324954a3ba732f18
104802,86009,10,21,14,38,17,69,55,76561198001151695,3,Team A,0,76561198176878303,2,Team B,0,HE Grenade,grenade,0,01JSKM0FW6Q014VWAZ6SGJW83Y,324954a3ba732f18
105318,86436,10,9,2,100,91,100,98,76561198053126645,3,Team A,0,76561198013243326,2,Team B,0,M4A4,rifle,2,01JSKM0GEKGTTCXKQ8WZP042ME,324954a3ba732f18
105520,86610,10,23,0,100,77,100,100,76561198001151695,3,Team A,0,76561198050250233,2,Team B,0,M4A4,rifle,7,01JSKM0GEX5J64DX58M0Y9E8GJ,324954a3ba732f18
105543,86629,10,33,4,68,35,100,96,76561198050250233,2,Team B,0,76561198283989223,3,Team A,0,AK-47,rifle,3,01JSKM0GEJPZ89JX1ED4QRVRVH,324954a3ba732f18
105550,86636,10,26,0,35,9,96,96,76561198050250233,2,Team B,0,76561198283989223,3,Team A,0,AK-47,rifle,6,01JSKM0GEJPZ89JX1ED4QRVRVH,324954a3ba732f18
105550,86636,10,16,0,100,84,100,100,76561198050250233,2,Team B,0,76561198001151695,3,Team A,0,AK-47,rifle,7,01JSKM0GEJPZ89JX1ED4QRVRVH,324954a3ba732f18
105578,86661,10,9,3,9,0,96,93,76561198050250233,2,Team B,0,76561198283989223,3,Team A,0,AK-47,rifle,4,01JSKM0GEJPZ89JX1ED4QRVRVH,324954a3ba732f18
105615,86697,10,21,4,77,56,100,96,76561198001151695,3,Team A,0,76561198050250233,2,Team B,0,M4A4,rifle,5,01JSKM0GEX5J64DX58M0Y9E8GJ,324954a3ba732f18
105621,86703,10,21,4,56,35,96,92,76561198001151695,3,Team A,0,76561198050250233,2,Team B,0,M4A4,rifle,2,01JSKM0GEX5J64DX58M0Y9E8GJ,324954a3ba732f18
105628,86709,10,26,5,35,9,92,87,76561198001151695,3,Team A,0,76561198050250233,2,Team B,0,M4A4,rifle,3,01JSKM0GEX5J64DX58M0Y9E8GJ,324954a3ba732f18
105634,86714,10,9,4,9,0,87,83,76561198001151695,3,Team A,0,76561198050250233,2,Team B,0,M4A4,rifle,2,01JSKM0GEX5J64DX58M0Y9E8GJ,324954a3ba732f18
107856,88657,10,100,15,100,0,100,85,76561198013243326,2,Team B,0,76561198016255205,3,Team A,0,AK-47,rifle,1,01JSKM0GEWJN6YKS5YMAD08S2D,324954a3ba732f18
107945,88734,10,21,4,91,70,98,94,76561198053126645,3,Team A,0,76561198013243326,2,Team B,0,M4A4,rifle,2,01JSKM0GEKGTTCXKQ8WZP042ME,324954a3ba732f18
107953,88740,10,21,4,70,49,94,90,76561198053126645,3,Team A,0,76561198013243326,2,Team B,0,M4A4,rifle,2,01JSKM0GEKGTTCXKQ8WZP042ME,324954a3ba732f18
107959,88745,10,21,4,49,28,90,86,76561198053126645,3,Team A,0,76561198013243326,2,Team B,0,M4A4,rifle,2,01JSKM0GEKGTTCXKQ8WZP042ME,324954a3ba732f18
107961,88747,10,26,3,100,74,100,97,76561198013243326,2,Team B,0,76561198053126645,3,Team A,0,AK-47,rifle,2,01JSKM0GEWJN6YKS5YMAD08S2D,324954a3ba732f18
107968,88753,10,33,4,74,41,97,93,76561198013243326,2,Team B,0,76561198053126645,3,Team A,0,AK-47,rifle,3,01JSKM0GEWJN6YKS5YMAD08S2D,324954a3ba732f18
107976,88760,10,33,4,41,8,93,89,76561198013243326,2,Team B,0,76561198053126645,3,Team A,0,AK-47,rifle,3,01JSKM0GEWJN6YKS5YMAD08S2D,324954a3ba732f18
107982,88766,10,8,0,8,0,89,89,76561198013243326,2,Team B,0,76561198053126645,3,Team A,0,AK-47,rifle,7,01JSKM0GEWJN6YKS5YMAD08S2D,324954a3ba732f18
111439,91722,10,16,16,100,84,100,84,0,0,World,0,76561198246607476,2,Team B,0,C4,equipment,0,01JSKM0GXF4YESG0N4W1JAMX13,324954a3ba732f18
111439,91722,10,13,13,28,15,86,73,0,0,World,0,76561198013243326,2,Team B,0,C4,equipment,0,01JSKM0GXF4YESG0N4W49V4DZS,324954a3ba732f18
111439,91722,10,6,6,84,78,100,94,0,0,World,0,76561198001151695,3,Team A,0,C4,equipment,0,01JSKM0GXF4YESG0N4W5YB7N99,324954a3ba732f18
114357,93828,11,1,0,100,99,100,100,76561198050250233,2,Team B,0,76561198150673360,3,Team A,0,Molotov,grenade,0,01JSKM0GZCAH4FW82VMS6TSZ4Z,324954a3ba732f18
114375,93841,11,2,0,99,97,100,100,76561198050250233,2,Team B,0,76561198150673360,3,Team A,0,Molotov,grenade,0,01JSKM0GZCAH4FW82VMS6TSZ4Z,324954a3ba732f18
114394,93854,11,3,0,97,94,100,100,76561198050250233,2,Team B,0,76561198150673360,3,Team A,0,Molotov,grenade,0,01JSKM0GZCAH4FW82VMS6TSZ4Z,324954a3ba732f18
114408,93866,11,4,0,94,90,100,100,76561198050250233,2,Team B,0,76561198150673360,3,Team A,0,Molotov,grenade,0,01JSKM0GZCAH4FW82VMS6TSZ4Z,324954a3ba732f18
116006,95167,11,2,1,90,88,100,99,76561198176878303,2,Team B,0,76561198150673360,3,Team A,0,HE Grenade,grenade,0,01JSKM0G464ZH4EAGB3ZTVQGQT,324954a3ba732f18
116782,95811,11,1,0,100,99,55,55,76561198001151695,3,Team A,0,76561198176878303,2,Team B,0,Smoke Grenade,grenade,0,01JSKM0EM0K4ZCC2P8EQWQY8S1,324954a3ba732f18
117378,96316,11,14,4,99,85,55,51,76561198150673360,3,Team A,0,76561198176878303,2,Team B,0,MP9,smg,2,01JSKM0GYBT6ESG0EF5X83BWEB,324954a3ba732f18
117383,96321,11,14,4,85,71,51,47,76561198150673360,3,Team A,0,76561198176878303,2,Team B,0,MP9,smg,5,01JSKM0GYBT6ESG0EF5X83BWEB,324954a3ba732f18
117398,96334,11,17,5,71,54,47,42,76561198150673360,3,Team A,0,76561198176878303,2,Team B,0,MP9,smg,3,01JSKM0GYBT6ESG0EF5X83BWEB,324954a3ba732f18
117402,96338,11,26,0,88,62,99,99,76561198176878303,2,Team B,0,76561198150673360,3,Team A,0,AK-47,rifle,7,01JSKM0GEPW7AR9JGDG2BQRSWS,324954a3ba732f18
117405,96340,11,25,1,54,29,42,41,76561198016255205,3,Team A,0,76561198176878303,2,Team B,0,Five-SeveN,pistol,2,01JSKM0FPQ67NWXBJX81PHNB1D,324954a3ba732f18
117414,96348,11,17,5,29,12,41,36,76561198150673360,3,Team A,0,76561198176878303,2,Team B,0,MP9,smg,3,01JSKM0GYBT6ESG0EF5X83BWEB,324954a3ba732f18
117415,96349,11,12,4,12,0,36,32,76561198016255205,3,Team A,0,76561198176878303,2,Team B,0,Five-SeveN,pistol,1,01JSKM0FPQ67NWXBJX81PHNB1D,324954a3ba732f18
118033,96884,11,100,1,100,0,73,72,76561198283989223,3,Team A,0,76561198013243326,2,Team B,0,AWP,sniper,2,01JSKM0G4933QJX8EW6CE5EZE3,324954a3ba732f18
118173,96994,11,100,0,100,0,100,100,76561198050250233,2,Team B,0,76561198053126645,3,Team A,0,AK-47,rifle,1,01JSKM0ER07XRK6JCQYKM7P0DM,324954a3ba732f18
118735,97452,11,94,4,100,6,46,42,76561198016255205,3,Team A,0,76561199063068840,2,Team B,0,Five-SeveN,pistol,1,01JSKM0FPQ67NWXBJX81PHNB1D,324954a3ba732f18
118769,97480,11,6,1,6,0,42,41,76561198016255205,3,Team A,0,76561199063068840,2,Team B,0,Five-SeveN,pistol,5,01JSKM0FPQ67NWXBJX81PHNB1D,324954a3ba732f18
118892,97585,11,100,0,100,0,100,100,76561198050250233,2,Team B,0,76561198016255205,3,Team A,0,AK-47,rifle,1,01JSKM0ER07XRK6JCQYKM7P0DM,324954a3ba732f18
118930,97617,11,43,1,100,57,100,99,76561198001151695,3,Team A,0,76561198050250233,2,Team B,0,Desert Eagle,pistol,2,01JSKM0EZJCYMJBADRMQ4437FR,324954a3ba732f18
118945,97630,11,27,3,100,73,94,91,76561198050250233,2,Team B,0,76561198001151695,3,Team A,0,AK-47,rifle,2,01JSKM0ER07XRK6JCQYKM7P0DM,324954a3ba732f18
118951,97634,11,57,6,57,0,99,93,76561198001151695,3,Team A,0,76561198050250233,2,Team B,0,Desert Eagle,pistol,1,01JSKM0EZJCYMJBADRMQ4437FR,324954a3ba732f18
120011,98547,11,27,4,100,73,100,96,76561198246607476,2,Team B,0,76561198283989223,3,Team A,0,AK-47,rifle,2,01JSKM0GYGM39KHQGD5GDQ6SW7,324954a3ba732f18
120128,98649,11,73,0,73,0,96,96,76561198246607476,2,Team B,0,76561198283989223,3,Team A,0,AK-47,rifle,1,01JSKM0GYGM39KHQGD5GDQ6SW7,324954a3ba732f18
120529,98997,11,1,0,100,99,84,84,76561198150673360,3,Team A,0,76561198246607476,2,Team B,0,Incendiary Grenade,grenade,0,01JSKM0GYFA876D0VRD1E0MZ8Z,324954a3ba732f18
121517,99878,11,26,3,99,73,84,81,76561198001151695,3,Team A,0,76561198246607476,2,Team B,0,AK-47,rifle,2,01JSKM0ER07XRK6JCQYKM7P0DM,324954a3ba732f18
121524,99884,11,27,3,73,46,81,78,76561198001151695,3,Team A,0,76561198246607476,2,Team B,0,AK-47,rifle,2,01JSKM0ER07XRK6JCQYKM7P0DM,324954a3ba732f18
121532,99891,11,27,3,46,19,78,75,76561198001151695,3,Team A,0,76561198246607476,2,Team B,0,AK-47,rifle,2,01JSKM0ER07XRK6JCQYKM7P0DM,324954a3ba732f18
121547,99904,11,19,3,19,0,75,72,76561198001151695,3,Team A,0,76561198246607476,2,Team B,0,AK-47,rifle,2,01JSKM0ER07XRK6JCQYKM7P0DM,324954a3ba732f18
125663,102991,12,100,1,100,0,99,98,76561199063068840,2,Team B,0,76561198150673360,3,Team A,0,AWP,sniper,2,01JSKM0H8ZMQK4XVSAH4JHQQNT,324954a3ba732f18
125677,103002,12,26,3,100,74,100,97,76561198016255205,3,Team A,0,76561199063068840,2,Team B,0,AK-47,rifle,2,01JSKM0ER07XRK6JCQYKM7P0DM,324954a3ba732f18
125707,103028,12,32,4,74,42,97,93,76561198016255205,3,Team A,0,76561199063068840,2,Team B,0,AK-47,rifle,3,01JSKM0ER07XRK6JCQYKM7P0DM,324954a3ba732f18
125722,103041,12,25,0,42,17,93,93,76561198016255205,3,Team A,0,76561199063068840,2,Team B,0,AK-47,rifle,7,01JSKM0ER07XRK6JCQYKM7P0DM,324954a3ba732f18
125741,103057,12,14,4,100,86,100,96,76561198001151695,3,Team A,0,76561198050250233,2,Team B,0,MP9,smg,4,01JSKM0G4933QJX8EW66VMHFPY,324954a3ba732f18
125752,103066,12,17,3,17,0,93,90,76561198016255205,3,Team A,0,76561199063068840,2,Team B,0,AK-47,rifle,2,01JSKM0ER07XRK6JCQYKM7P0DM,324954a3ba732f18
125766,103075,12,14,4,86,72,96,92,76561198001151695,3,Team A,0,76561198050250233,2,Team B,0,MP9,smg,2,01JSKM0G4933QJX8EW66VMHFPY,324954a3ba732f18
125772,103080,12,14,4,72,58,92,88,76561198001151695,3,Team A,0,76561198050250233,2,Team B,0,MP9,smg,2,01JSKM0G4933QJX8EW66VMHFPY,324954a3ba732f18
125778,103084,12,14,4,58,44,88,84,76561198001151695,3,Team A,0,76561198050250233,2,Team B,0,MP9,smg,2,01JSKM0G4933QJX8EW66VMHFPY,324954a3ba732f18
125784,103089,12,14,4,44,30,84,80,76561198001151695,3,Team A,0,76561198050250233,2,Team B,0,MP9,smg,2,01JSKM0G4933QJX8EW66VMHFPY,324954a3ba732f18
125795,103098,12,14,4,30,16,80,76,76561198001151695,3,Team A,0,76561198050250233,2,Team B,0,MP9,smg,2,01JSKM0G4933QJX8EW66VMHFPY,324954a3ba732f18
125800,103102,12,26,0,100,74,91,91,76561198246607476,2,Team B,0,76561198001151695,3,Team A,0,AK-47,rifle,7,01JSKM0GEA4XTE7FBQT0VHQX3Q,324954a3ba732f18
125813,103115,12,27,4,74,47,91,87,76561198050250233,2,Team B,0,76561198001151695,3,Team A,0,AK-47,rifle,8,01JSKM0GH87EBWARX3K4S35EXK,324954a3ba732f18
125813,103115,12,74,0,74,0,91,87,76561198246607476,2,Team B,0,76561198001151695,3,Team A,0,AK-47,rifle,1,01JSKM0GEA4XTE7FBQT0VHQX3Q,324954a3ba732f18
125820,103122,12,26,3,100,74,100,97,76561198016255205,3,Team A,0,76561198246607476,2,Team B,0,AK-47,rifle,2,01JSKM0ER07XRK6JCQYKM7P0DM,324954a3ba732f18
125845,103142,12,74,15,74,0,97,82,76561198016255205,3,Team A,0,76561198246607476,2,Team B,0,AK-47,rifle,1,01JSKM0ER07XRK6JCQYKM7P0DM,324954a3ba732f18
126030,103296,12,33,4,100,67,100,96,76561198013243326,2,Team B,0,76561198283989223,3,Team A,0,AK-47,rifle,3,01JSKM0GGC75VK15QS32W5Z4YV,324954a3ba732f18
126037,103303,12,33,4,67,34,96,92,76561198013243326,2,Team B,0,76561198283989223,3,Team A,0,AK-47,rifle,3,01JSKM0GGC75VK15QS32W5Z4YV,324954a3ba732f18
126043,103309,12,33,4,34,1,92,88,76561198013243326,2,Team B,0,76561198283989223,3,Team A,0,AK-47,rifle,3,01JSKM0GGC75VK15QS32W5Z4YV,324954a3ba732f18
126049,103315,12,1,4,1,0,88,84,76561198013243326,2,Team B,0,76561198283989223,3,Team A,0,AK-47,rifle,3,01JSKM0GGC75VK15QS32W5Z4YV,324954a3ba732f18
126288,103506,12,1,0,100,99,100,100,76561198050250233,2,Team B,0,76561198016255205,3,Team A,0,Molotov,grenade,0,01JSKM0GYECHXEB0KT7YKT0BZ4,324954a3ba732f18
126303,103519,12,2,0,99,97,100,100,76561198050250233,2,Team B,0,76561198016255205,3,Team A,0,Molotov,grenade,0,01JSKM0GYECHXEB0KT7YKT0BZ4,324954a3ba732f18
127752,104754,12,33,4,100,67,100,96,76561198016255205,3,Team A,0,76561198176878303,2,Team B,0,AK-47,rifle,3,01JSKM0ER07XRK6JCQYKM7P0DM,324954a3ba732f18
127760,104761,12,26,3,67,41,96,93,76561198016255205,3,Team A,0,76561198176878303,2,Team B,0,AK-47,rifle,2,01JSKM0ER07XRK6JCQYKM7P0DM,324954a3ba732f18
127766,104767,12,26,3,41,15,93,90,76561198016255205,3,Team A,0,76561198176878303,2,Team B,0,AK-47,rifle,2,01JSKM0ER07XRK6JCQYKM7P0DM,324954a3ba732f18
127781,104780,12,12,0,15,3,90,90,76561198016255205,3,Team A,0,76561198176878303,2,Team B,0,AK-47,rifle,6,01JSKM0ER07XRK6JCQYKM7P0DM,324954a3ba732f18
127789,104786,12,3,0,3,0,90,90,76561198016255205,3,Team A,0,76561198176878303,2,Team B,0,AK-47,rifle,6,01JSKM0ER07XRK6JCQYKM7P0DM,324954a3ba732f18
128019,104985,12,13,2,100,87,100,98,76561198013243326,2,Team B,0,76561198053126645,3,Team A,0,AK-47,rifle,2,01JSKM0GGC75VK15QS32W5Z4YV,324954a3ba732f18
128039,105002,12,16,5,16,0,76,71,76561198053126645,3,Team A,0,76561198050250233,2,Team B,0,M4A1,rifle,3,01JSKM0H9BQHN95NE2BE79M9BG,324954a3ba732f18
128346,105255,12,47,31,87,40,98,67,76561198013243326,2,Team B,0,76561198053126645,3,Team A,0,HE Grenade,grenade,0,01JSKM0GGJPQC5T6JHWH1AFS37,324954a3ba732f18
128955,105784,12,5,3,100,95,100,97,76561198053126645,3,Team A,0,76561198013243326,2,Team B,0,HE Grenade,grenade,0,01JSKM0HGS8QZPGDN0BQ2JFZ3X,324954a3ba732f18
129075,105895,12,40,15,40,0,67,52,76561198013243326,2,Team B,0,76561198053126645,3,Team A,0,AK-47,rifle,1,01JSKM0GGC75VK15QS32W5Z4YV,324954a3ba732f18
129725,106473,12,33,4,97,64,100,96,76561198013243326,2,Team B,0,76561198016255205,3,Team A,0,AK-47,rifle,3,01JSKM0GGC75VK15QS32W5Z4YV,324954a3ba732f18
129731,106479,12,33,4,64,31,96,92,76561198013243326,2,Team B,0,76561198016255205,3,Team A,0,AK-47,rifle,3,01JSKM0GGC75VK15QS32W5Z4YV,324954a3ba732f18
129734,106481,12,95,15,95,0,97,82,76561198016255205,3,Team A,0,76561198013243326,2,Team B,0,AK-47,rifle,1,01JSKM0ER07XRK6JCQYKM7P0DM,324954a3ba732f18
130453,107109,12,31,92,31,0,92,0,0,0,World,0,76561198016255205,3,Team A,0,C4,equipment,0,01JSKM0HHRPVT5C3B5GQSA4Q7G,324954a3ba732f18
148907,122505,13,77,0,100,23,100,100,76561198150673360,2,Team A,0,76561199063068840,3,Team B,0,Glock-18,pistol,1,01JSKM0HJ0XF61RQ5RJXBYPV33,324954a3ba732f18
149632,123117,13,17,6,100,83,100,94,76561198050250233,3,Team B,0,76561198283989223,2,Team A,0,Dual Berettas,pistol,4,01JSKM0HSDHZSE5X6791KCF37F,324954a3ba732f18
149655,123133,13,20,0,100,80,100,100,76561198053126645,2,Team A,0,76561198050250233,3,Team B,0,Glock-18,pistol,7,01JSKM0HA1FJ6VFY7YW2NMEHEC,324954a3ba732f18
149666,123143,13,13,7,80,67,100,93,76561198053126645,2,Team A,0,76561198050250233,3,Team B,0,Glock-18,pistol,2,01JSKM0HA1FJ6VFY7YW2NMEHEC,324954a3ba732f18
149681,123155,13,100,0,100,0,0,0,76561199063068840,3,Team B,0,76561198150673360,2,Team A,0,USP-S,pistol,1,01JSKM0FBE6D5JTEDRPQZZGA3Z,324954a3ba732f18
149726,123195,13,13,7,67,54,93,86,76561198053126645,2,Team A,0,76561198050250233,3,Team B,0,Glock-18,pistol,2,01JSKM0HA1FJ6VFY7YW2NMEHEC,324954a3ba732f18
149727,123196,13,10,5,23,13,100,95,76561198016255205,2,Team A,0,76561199063068840,3,Team B,0,Glock-18,pistol,2,01JSKM0FBHMPTWDJG7CWKSFRRY,324954a3ba732f18
149741,123209,13,10,5,13,3,95,90,76561198016255205,2,Team A,0,76561199063068840,3,Team B,0,Glock-18,pistol,2,01JSKM0FBHMPTWDJG7CWKSFRRY,324954a3ba732f18
149746,123214,13,13,7,54,41,86,79,76561198053126645,2,Team A,0,76561198050250233,3,Team B,0,Glock-18,pistol,8,01JSKM0HA1FJ6VFY7YW2NMEHEC,324954a3ba732f18
149760,123227,13,100,0,100,0,100,100,76561198050250233,3,Team B,0,76561198016255205,2,Team A,0,Dual Berettas,pistol,1,01JSKM0HSDHZSE5X6791KCF37F,324954a3ba732f18
149768,123233,13,41,0,41,0,79,79,76561198053126645,2,Team A,0,76561198050250233,3,Team B,0,Glock-18,pistol,1,01JSKM0HA1FJ6VFY7YW2NMEHEC,324954a3ba732f18
149833,123289,13,3,0,3,0,90,90,76561198001151695,2,Team A,0,76561199063068840,3,Team B,0,Glock-18,pistol,1,01JSKM0HGG8XWBG2DN0B6H0T6A,324954a3ba732f18
150119,123529,13,8,0,100,92,100,100,76561198053126645,2,Team A,0,76561198053126645,2,Team A,0,Molotov,grenade,0,01JSKM0HMND9YGGGG256C8NJ15,324954a3ba732f18
150135,123542,13,8,0,92,84,100,100,76561198053126645,2,Team A,0,76561198053126645,2,Team A,0,Molotov,grenade,0,01JSKM0HMND9YGGGG256C8NJ15,324954a3ba732f18
150140,123546,13,29,0,100,71,0,0,76561198176878303,3,Team B,0,76561198001151695,2,Team A,0,USP-S,pistol,2,01JSKM0HJ41A2RVB067XVD9AFQ,324954a3ba732f18
150163,123564,13,2,0,84,82,100,100,76561198001151695,2,Team A,0,76561198053126645,2,Team A,0,Molotov,grenade,0,01JSKM0HNK8RBBE8VQKKY7015Q,324954a3ba732f18
150177,123577,13,2,0,82,80,100,100,76561198001151695,2,Team A,0,76561198053126645,2,Team A,0,Molotov,grenade,0,01JSKM0HNK8RBBE8VQKKY7015Q,324954a3ba732f18
150295,123683,13,44,0,100,56,100,100,76561198176878303,3,Team B,0,76561198246607476,3,Team B,0,USP-S,pistol,1,01JSKM0HJ41A2RVB067XVD9AFQ,324954a3ba732f18
150342,123725,13,12,7,56,44,100,93,76561198053126645,2,Team A,0,76561198246607476,3,Team B,0,Glock-18,pistol,2,01JSKM0HA1FJ6VFY7YW2NMEHEC,324954a3ba732f18
150346,123728,13,16,9,44,28,93,84,76561198283989223,2,Team A,0,76561198246607476,3,Team B,0,Glock-18,pistol,3,01JSKM0HJ14XTNKXTN8MJ0XRC9,324954a3ba732f18
150354,123736,13,16,8,83,67,94,86,76561198176878303,3,Team B,0,76561198283989223,2,Team A,0,USP-S,pistol,2,01JSKM0HJ41A2RVB067XVD9AFQ,324954a3ba732f18
150367,123746,13,28,0,28,0,84,84,76561198053126645,2,Team A,0,76561198246607476,3,Team B,0,Glock-18,pistol,1,01JSKM0HA1FJ6VFY7YW2NMEHEC,324954a3ba732f18
150372,123751,13,67,0,67,0,86,86,76561198176878303,3,Team B,0,76561198283989223,2,Team A,0,USP-S,pistol,1,01JSKM0HJ41A2RVB067XVD9AFQ,324954a3ba732f18
150573,123924,13,71,0,71,0,0,0,76561198176878303,3,Team B,0,76561198001151695,2,Team A,0,USP-S,pistol,1,01JSKM0HJ41A2RVB067XVD9AFQ,324954a3ba732f18
150980,124281,13,27,0,100,73,0,0,76561198053126645,2,Team A,0,76561198013243326,3,Team B,0,Glock-18,pistol,2,01JSKM0HA1FJ6VFY7YW2NMEHEC,324954a3ba732f18
151000,124300,13,73,0,73,0,0,0,76561198053126645,2,Team A,0,76561198013243326,3,Team B,0,Glock-18,pistol,1,01JSKM0HA1FJ6VFY7YW2NMEHEC,324954a3ba732f18
151169,124449,13,100,0,100,0,100,100,76561198053126645,2,Team A,0,76561198176878303,3,Team B,0,Glock-18,pistol,1,01JSKM0HA1FJ6VFY7YW2NMEHEC,324954a3ba732f18
154262,126646,14,1,0,100,99,0,0,76561198001151695,2,Team A,0,76561198013243326,3,Team B,0,HE Grenade,grenade,0,01JSKM0J04HB0PVAYMTT8MKYCA,324954a3ba732f18
155045,127324,14,21,0,99,78,0,0,76561198001151695,2,Team A,0,76561198013243326,3,Team B,0,MAC-10,smg,2,01JSKM0J01V0M1K3W3N452BHCP,324954a3ba732f18
155051,127329,14,21,0,78,57,0,0,76561198001151695,2,Team A,0,76561198013243326,3,Team B,0,MAC-10,smg,5,01JSKM0J01V0M1K3W3N452BHCP,324954a3ba732f18
155057,127334,14,26,0,57,31,0,0,76561198001151695,2,Team A,0,76561198013243326,3,Team B,0,MAC-10,smg,3,01JSKM0J01V0M1K3W3N452BHCP,324954a3ba732f18
155062,127339,14,31,0,31,0,0,0,76561198001151695,2,Team A,0,76561198013243326,3,Team B,0,MAC-10,smg,1,01JSKM0J01V0M1K3W3N452BHCP,324954a3ba732f18
155119,127391,14,15,7,100,85,100,93,76561198246607476,3,Team B,0,76561198001151695,2,Team A,0,USP-S,pistol,2,01JSKM0GYNK2834BS3FSZ07CGG,324954a3ba732f18
155127,127399,14,21,0,100,79,0,0,76561198001151695,2,Team A,0,76561198246607476,3,Team B,0,MAC-10,smg,2,01JSKM0J01V0M1K3W3N452BHCP,324954a3ba732f18
155138,127408,14,21,0,79,58,0,0,76561198001151695,2,Team A,0,76561198246607476,3,Team B,0,MAC-10,smg,2,01JSKM0J01V0M1K3W3N452BHCP,324954a3ba732f18
155138,127408,14,61,30,85,24,93,63,76561198050250233,3,Team B,0,76561198001151695,2,Team A,0,USP-S,pistol,1,01JSKM0HZFHC37RHACW570ZKWB,324954a3ba732f18
155143,127413,14,26,0,100,74,0,0,76561198001151695,2,Team A,0,76561198050250233,3,Team B,0,MAC-10,smg,3,01JSKM0J01V0M1K3W3N452BHCP,324954a3ba732f18
155149,127418,14,21,0,58,37,0,0,76561198001151695,2,Team A,0,76561198246607476,3,Team B,0,MAC-10,smg,2,01JSKM0J01V0M1K3W3N452BHCP,324954a3ba732f18
155149,127418,14,1,0,74,73,0,0,76561198001151695,2,Team A,0,76561198050250233,3,Team B,0,MAC-10,smg,2,01JSKM0J01V0M1K3W3N452BHCP,324954a3ba732f18
155154,127423,14,21,0,73,52,0,0,76561198001151695,2,Team A,0,76561198050250233,3,Team B,0,MAC-10,smg,2,01JSKM0J01V0M1K3W3N452BHCP,324954a3ba732f18
155164,127432,14,21,0,37,16,0,0,76561198001151695,2,Team A,0,76561198246607476,3,Team B,0,MAC-10,smg,5,01JSKM0J01V0M1K3W3N452BHCP,324954a3ba732f18
155164,127432,14,3,0,52,49,0,0,76561198001151695,2,Team A,0,76561198050250233,3,Team B,0,MAC-10,smg,2,01JSKM0J01V0M1K3W3N452BHCP,324954a3ba732f18
155170,127437,14,16,0,16,0,0,0,76561198001151695,2,Team A,0,76561198246607476,3,Team B,0,MAC-10,smg,5,01JSKM0J01V0M1K3W3N452BHCP,324954a3ba732f18
155175,127442,14,21,0,49,28,0,0,76561198001151695,2,Team A,0,76561198050250233,3,Team B,0,MAC-10,smg,2,01JSKM0J01V0M1K3W3N452BHCP,324954a3ba732f18
155221,127479,14,14,6,24,10,63,57,76561199063068840,3,Team B,0,76561198001151695,2,Team A,0,USP-S,pistol,2,01JSKM0HZKVB3WBCRN8NS53TE2,324954a3ba732f18
155285,127534,14,28,0,28,0,0,0,76561198016255205,2,Team A,0,76561198050250233,3,Team B,0,MP7,smg,1,01JSKM0J01V0M1K3W3N3VT88RM,324954a3ba732f18
155295,127543,14,100,4,100,0,100,96,76561198176878303,3,Team B,0,76561198016255205,2,Team A,0,Desert Eagle,pistol,1,01JSKM0J0GS3MT9YPS6SWQQXG5,324954a3ba732f18
155401,127641,14,20,0,100,80,0,0,76561198001151695,2,Team A,0,76561198176878303,3,Team B,0,Glock-18,pistol,2,01JSKM0GYAFCJBZG5X0BW4B8A7,324954a3ba732f18
155431,127667,14,20,0,80,60,0,0,76561198001151695,2,Team A,0,76561198176878303,3,Team B,0,Glock-18,pistol,5,01JSKM0GYAFCJBZG5X0BW4B8A7,324954a3ba732f18
155642,127853,14,24,0,60,36,0,0,76561198283989223,2,Team A,0,76561198176878303,3,Team B,0,MAC-10,smg,2,01JSKM0HZRPM5XT8TCZ080RH3Y,324954a3ba732f18
155648,127858,14,24,0,36,12,0,0,76561198283989223,2,Team A,0,76561198176878303,3,Team B,0,MAC-10,smg,2,01JSKM0HZRPM5XT8TCZ080RH3Y,324954a3ba732f18
155653,127863,14,12,0,12,0,0,0,76561198283989223,2,Team A,0,76561198176878303,3,Team B,0,MAC-10,smg,5,01JSKM0HZRPM5XT8TCZ080RH3Y,324954a3ba732f18
155701,127902,14,28,0,100,72,0,0,76561198150673360,2,Team A,0,76561199063068840,3,Team B,0,Galil AR,rifle,2,01JSKM0G3ZV6YEVWHZG3YQFRPA,324954a3ba732f18
155714,127914,14,20,0,72,52,0,0,76561198001151695,2,Team A,0,76561199063068840,3,Team B,0,Glock-18,pistol,2,01JSKM0GYAFCJBZG5X0BW4B8A7,324954a3ba732f18
155727,127925,14,36,0,52,16,0,0,76561198150673360,2,Team A,0,76561199063068840,3,Team B,0,Galil AR,rifle,3,01JSKM0G3ZV6YEVWHZG3YQFRPA,324954a3ba732f18
155727,127925,14,52,0,52,0,0,0,76561198001151695,2,Team A,0,76561199063068840,3,Team B,0,Glock-18,pistol,1,01JSKM0GYAFCJBZG5X0BW4B8A7,324954a3ba732f18
160018,131114,15,26,3,100,74,100,97,76561198053126645,2,Team A,0,76561199063068840,3,Team B,0,AK-47,rifle,5,01JSKM0H9J1G0N7G6JRZ8WNT02,324954a3ba732f18
160027,131119,15,24,5,100,76,100,95,76561198013243326,3,Team B,0,76561198053126645,2,Team A,0,FAMAS,rifle,3,01JSKM0J4SCRBAY3282QBSMTM4,324954a3ba732f18
160957,131900,15,35,23,100,65,100,77,76561198053126645,2,Team A,0,76561198013243326,3,Team B,0,HE Grenade,grenade,0,01JSKM0J460JRNMBG6AJE1DG74,324954a3ba732f18
162966,133614,15,20,4,100,80,100,96,76561198013243326,3,Team B,0,76561198283989223,2,Team A,0,FAMAS,rifle,2,01JSKM0J4SCRBAY3282QBSMTM4,324954a3ba732f18
162975,133622,15,14,5,65,51,77,72,76561198283989223,2,Team A,0,76561198013243326,3,Team B,0,MAC-10,smg,2,01JSKM0HZRPM5XT8TCZ080RH3Y,324954a3ba732f18
162978,133625,15,20,4,80,60,96,92,76561198013243326,3,Team B,0,76561198283989223,2,Team A,0,FAMAS,rifle,2,01JSKM0J4SCRBAY3282QBSMTM4,324954a3ba732f18
162979,133626,15,51,22,51,0,72,50,76561198283989223,2,Team A,0,76561198013243326,3,Team B,0,MAC-10,smg,1,01JSKM0HZRPM5XT8TCZ080RH3Y,324954a3ba732f18
163057,133686,15,24,0,76,52,95,95,76561198050250233,3,Team B,0,76561198053126645,2,Team A,0,M4A1,rifle,7,01JSKM0G5R5PKXFZE6S2S77RB9,324954a3ba732f18
163065,133693,15,83,17,100,17,100,83,76561198050250233,3,Team B,0,76561198016255205,2,Team A,0,M4A1,rifle,1,01JSKM0G5R5PKXFZE6S2S77RB9,324954a3ba732f18
163071,133699,15,17,8,17,0,83,75,76561198050250233,3,Team B,0,76561198016255205,2,Team A,0,M4A1,rifle,1,01JSKM0G5R5PKXFZE6S2S77RB9,324954a3ba732f18
163079,133706,15,33,4,100,67,100,96,76561198053126645,2,Team A,0,76561198050250233,3,Team B,0,AK-47,rifle,3,01JSKM0H9J1G0N7G6JRZ8WNT02,324954a3ba732f18
163097,133719,15,25,0,67,42,96,96,76561198053126645,2,Team A,0,76561198050250233,3,Team B,0,AK-47,rifle,7,01JSKM0H9J1G0N7G6JRZ8WNT02,324954a3ba732f18
163104,133725,15,25,0,42,17,96,96,76561198053126645,2,Team A,0,76561198050250233,3,Team B,0,AK-47,rifle,7,01JSKM0H9J1G0N7G6JRZ8WNT02,324954a3ba732f18
163141,133751,15,1,0,17,16,96,96,76561198053126645,2,Team A,0,76561198050250233,3,Team B,0,AK-47,rifle,5,01JSKM0H9J1G0N7G6JRZ8WNT02,324954a3ba732f18
163202,133806,15,60,18,60,0,92,74,76561198050250233,3,Team B,0,76561198283989223,2,Team A,0,M4A1,rifle,1,01JSKM0G5R5PKXFZE6S2S77RB9,324954a3ba732f18
163300,133885,15,25,5,100,75,57,52,76561198050250233,3,Team B,0,76561198001151695,2,Team A,0,M4A1,rifle,5,01JSKM0G5R5PKXFZE6S2S77RB9,324954a3ba732f18
163333,133913,15,16,5,16,0,96,91,76561198001151695,2,Team A,0,76561198050250233,3,Team B,0,MP7,smg,3,01JSKM0J01V0M1K3W3N3VT88RM,324954a3ba732f18
163420,133979,15,21,4,52,31,95,91,76561199063068840,3,Team B,0,76561198053126645,2,Team A,0,M4A4,rifle,2,01JSKM0J44EA72YS9W44RFZGVZ,324954a3ba732f18
163432,133991,15,21,4,31,10,91,87,76561199063068840,3,Team B,0,76561198053126645,2,Team A,0,M4A4,rifle,2,01JSKM0J44EA72YS9W44RFZGVZ,324954a3ba732f18
163439,133997,15,10,4,10,0,87,83,76561199063068840,3,Team B,0,76561198053126645,2,Team A,0,M4A4,rifle,2,01JSKM0J44EA72YS9W44RFZGVZ,324954a3ba732f18
164519,134912,15,27,5,75,48,52,47,76561199063068840,3,Team B,0,76561198001151695,2,Team A,0,M4A4,rifle,3,01JSKM0J44EA72YS9W44RFZGVZ,324954a3ba732f18
164545,134936,15,0,0,48,48,47,47,76561198246607476,3,Team B,0,76561198001151695,2,Team A,0,M4A1,rifle,2,01JSKM0GF23BWV835MDSQFD5G9,324954a3ba732f18
164587,134973,15,22,4,48,26,47,43,76561199063068840,3,Team B,0,76561198001151695,2,Team A,0,M4A4,rifle,2,01JSKM0J44EA72YS9W44RFZGVZ,324954a3ba732f18
164647,135025,15,24,0,26,2,43,43,76561199063068840,3,Team B,0,76561198001151695,2,Team A,0,M4A4,rifle,7,01JSKM0J44EA72YS9W44RFZGVZ,324954a3ba732f18
164829,135182,15,2,5,2,0,43,38,76561198246607476,3,Team B,0,76561198001151695,2,Team A,0,M4A1,rifle,2,01JSKM0GF23BWV835MDSQFD5G9,324954a3ba732f18
165198,135508,15,22,3,74,52,97,94,76561198150673360,2,Team A,0,76561199063068840,3,Team B,0,Galil AR,rifle,2,01JSKM0G3ZV6YEVWHZG3YQFRPA,324954a3ba732f18
165203,135513,15,87,18,100,13,100,82,76561198176878303,3,Team B,0,76561198150673360,2,Team A,0,M4A4,rifle,1,01JSKM0J460JRNMBG6ABC3PYC8,324954a3ba732f18
165205,135514,15,22,3,52,30,94,91,76561198150673360,2,Team A,0,76561199063068840,3,Team B,0,Galil AR,rifle,2,01JSKM0G3ZV6YEVWHZG3YQFRPA,324954a3ba732f18
165211,135520,15,22,3,30,8,91,88,76561198150673360,2,Team A,0,76561199063068840,3,Team B,0,Galil AR,rifle,2,01JSKM0G3ZV6YEVWHZG3YQFRPA,324954a3ba732f18
165222,135530,15,13,4,13,0,82,78,76561199063068840,3,Team B,0,76561198150673360,2,Team A,0,M4A4,rifle,5,01JSKM0J44EA72YS9W44RFZGVZ,324954a3ba732f18
170225,139354,16,15,10,100,85,100,90,76561198001151695,2,Team A,0,76561198050250233,3,Team B,0,HE Grenade,grenade,0,01JSKM0GXSX9GN2ZN4FMN7CSNA,324954a3ba732f18
170225,139354,16,1,0,100,99,100,100,76561198001151695,2,Team A,0,76561198013243326,3,Team B,0,HE Grenade,grenade,0,01JSKM0GXSX9GN2ZN4FMN7CSNA,324954a3ba732f18
170916,139922,16,10,6,100,90,100,94,76561198246607476,3,Team B,0,76561198053126645,2,Team A,0,HE Grenade,grenade,0,01JSKM0DHVN15D97JKAYKTR7NY,324954a3ba732f18
172466,141259,16,2,1,100,98,100,99,76561198050250233,3,Team B,0,76561198150673360,2,Team A,0,HE Grenade,grenade,0,01JSKM0JF1Y1890A9CND122M2P,324954a3ba732f18
172466,141259,16,1,0,100,99,100,100,76561198050250233,3,Team B,0,76561198283989223,2,Team A,0,HE Grenade,grenade,0,01JSKM0JF1Y1890A9CND122M2P,324954a3ba732f18
172679,141444,16,10,2,98,88,99,97,76561198050250233,3,Team B,0,76561198150673360,2,Team A,0,M4A4,rifle,2,01JSKM0J44EA72YS9W44RFZGVZ,324954a3ba732f18
174080,142618,16,26,3,100,74,100,97,76561198176878303,3,Team B,0,76561198016255205,2,Team A,0,AK-47,rifle,5,01JSKM0H9J1G0N7G6JRZ8WNT02,324954a3ba732f18
174084,142621,16,26,3,100,74,100,97,76561198016255205,2,Team A,0,76561198176878303,3,Team B,0,AK-47,rifle,2,01JSKM0JEW23FBFAPAHQ92YQGJ,324954a3ba732f18
174092,142628,16,26,3,74,48,97,94,76561198016255205,2,Team A,0,76561198176878303,3,Team B,0,AK-47,rifle,2,01JSKM0JEW23FBFAPAHQ92YQGJ,324954a3ba732f18
174095,142631,16,33,4,74,41,97,93,76561198176878303,3,Team B,0,76561198016255205,2,Team A,0,AK-47,rifle,3,01JSKM0H9J1G0N7G6JRZ8WNT02,324954a3ba732f18
174106,142639,16,26,3,48,22,94,91,76561198053126645,2,Team A,0,76561198176878303,3,Team B,0,AK-47,rifle,2,01JSKM0JE81FPYTS98BYXYW59T,324954a3ba732f18
174107,142640,16,22,3,22,0,91,88,76561198016255205,2,Team A,0,76561198176878303,3,Team B,0,AK-47,rifle,2,01JSKM0JEW23FBFAPAHQ92YQGJ,324954a3ba732f18
174265,142780,16,100,15,100,0,100,85,76561198053126645,2,Team A,0,76561198246607476,3,Team B,0,AK-47,rifle,1,01JSKM0JE81FPYTS98BYXYW59T,324954a3ba732f18
174348,142847,16,88,18,90,2,94,76,76561199063068840,3,Team B,0,76561198053126645,2,Team A,0,M4A4,rifle,1,01JSKM0JEW23FBFAPAHRSMRR76,324954a3ba732f18
174357,142852,16,2,4,2,0,76,72,76561199063068840,3,Team B,0,76561198053126645,2,Team A,0,M4A4,rifle,2,01JSKM0JEW23FBFAPAHRSMRR76,324954a3ba732f18
174387,142879,16,44,1,100,56,88,87,76561198001151695,2,Team A,0,76561199063068840,3,Team B,0,Desert Eagle,pistol,5,01JSKM0GYPRGDANJJH10805XV7,324954a3ba732f18
174389,142881,16,90,19,100,10,100,81,76561199063068840,3,Team B,0,76561198001151695,2,Team A,0,M4A4,rifle,1,01JSKM0JEW23FBFAPAHRSMRR76,324954a3ba732f18
174401,142893,16,44,1,56,12,87,86,76561198001151695,2,Team A,0,76561199063068840,3,Team B,0,Desert Eagle,pistol,2,01JSKM0GYPRGDANJJH10805XV7,324954a3ba732f18
174401,142893,16,10,19,10,0,81,62,76561199063068840,3,Team B,0,76561198001151695,2,Team A,0,M4A4,rifle,1,01JSKM0JEW23FBFAPAHRSMRR76,324954a3ba732f18
174416,142906,16,12,3,12,0,86,83,76561198150673360,2,Team A,0,76561199063068840,3,Team B,0,AK-47,rifle,2,01JSKM0HBY59V1AXYFAHWZTWAY,324954a3ba732f18
175457,143809,16,22,4,99,77,100,96,76561198050250233,3,Team B,0,76561198283989223,2,Team A,0,M4A4,rifle,2,01JSKM0J44EA72YS9W44RFZGVZ,324954a3ba732f18
175462,143813,16,85,1,85,0,90,89,76561198283989223,2,Team A,0,76561198050250233,3,Team B,0,AWP,sniper,3,01JSKM0J01V0M1K3W3N354ZHJA,324954a3ba732f18
176587,144801,16,11,2,77,66,96,94,76561198013243326,3,Team B,0,76561198283989223,2,Team A,0,M4A1,rifle,3,01JSKM0J4CQAXNNCRDMSCKE335,324954a3ba732f18
177406,145515,16,33,4,99,66,100,96,76561198150673360,2,Team A,0,76561198013243326,3,Team B,0,AK-47,rifle,3,01JSKM0HBY59V1AXYFAHWZTWAY,324954a3ba732f18
177413,145521,16,27,3,66,39,96,93,76561198150673360,2,Team A,0,76561198013243326,3,Team B,0,AK-47,rifle,2,01JSKM0HBY59V1AXYFAHWZTWAY,324954a3ba732f18
177420,145528,16,33,4,39,6,93,89,76561198150673360,2,Team A,0,76561198013243326,3,Team B,0,AK-47,rifle,3,01JSKM0HBY59V1AXYFAHWZTWAY,324954a3ba732f18
177424,145532,16,37,7,88,51,97,90,76561198013243326,3,Team B,0,76561198150673360,2,Team A,0,M4A1,rifle,1,01JSKM0J4CQAXNNCRDMSCKE335,324954a3ba732f18
177426,145534,16,6,4,6,0,89,85,76561198150673360,2,Team A,0,76561198013243326,3,Team B,0,AK-47,rifle,3,01JSKM0HBY59V1AXYFAHWZTWAY,324954a3ba732f18
188071,153834,17,100,0,100,0,0,0,76561198283989223,2,Team A,0,76561198050250233,3,Team B,0,AWP,sniper,5,01JSKM0J01V0M1K3W3N354ZHJA,324954a3ba732f18
188073,153836,17,85,0,100,15,0,0,76561198001151695,2,Team A,0,76561198246607476,3,Team B,0,MAC-10,smg,1,01JSKM0H90F5KVRVZY2X48VKNV,324954a3ba732f18
188074,153837,17,15,0,15,0,0,0,76561198016255205,2,Team A,0,76561198246607476,3,Team B,0,AK-47,rifle,2,01JSKM0JXWDXN7YV7RANG2DKJN,324954a3ba732f18
188120,153876,17,44,0,100,56,0,0,76561198016255205,2,Team A,0,76561198176878303,3,Team B,0,AK-47,rifle,3,01JSKM0JXWDXN7YV7RANG2DKJN,324954a3ba732f18
188126,153882,17,44,0,56,12,0,0,76561198016255205,2,Team A,0,76561198176878303,3,Team B,0,AK-47,rifle,3,01JSKM0JXWDXN7YV7RANG2DKJN,324954a3ba732f18
188140,153895,17,63,31,100,37,94,63,76561198176878303,3,Team B,0,76561198283989223,2,Team A,0,USP-S,pistol,1,01JSKM0JXBNKZETBYV2BZBJ1M9,324954a3ba732f18
188140,153895,17,16,6,100,21,94,57,76561198013243326,3,Team B,0,76561198283989223,2,Team A,0,Dual Berettas,pistol,2,01JSKM0G7VSY533PSH73MZK6K4,324954a3ba732f18
188150,153904,17,20,7,21,1,57,50,76561198013243326,3,Team B,0,76561198283989223,2,Team A,0,Dual Berettas,pistol,3,01JSKM0G7VSY533PSH73MZK6K4,324954a3ba732f18
188158,153912,17,1,0,1,0,50,50,76561198013243326,3,Team B,0,76561198283989223,2,Team A,0,Dual Berettas,pistol,7,01JSKM0G7VSY533PSH73MZK6K4,324954a3ba732f18
188160,153914,17,43,0,100,57,0,0,76561198016255205,2,Team A,0,76561198013243326,3,Team B,0,AK-47,rifle,3,01JSKM0JXWDXN7YV7RANG2DKJN,324954a3ba732f18
188174,153927,17,15,5,100,85,100,95,76561198013243326,3,Team B,0,76561198001151695,2,Team A,0,Dual Berettas,pistol,5,01JSKM0G7VSY533PSH73MZK6K4,324954a3ba732f18
188175,153928,17,57,0,57,0,0,0,76561198001151695,2,Team A,0,76561198013243326,3,Team B,0,MAC-10,smg,1,01JSKM0H90F5KVRVZY2X48VKNV,324954a3ba732f18
188272,154015,17,63,30,85,22,95,65,76561198176878303,3,Team B,0,76561198001151695,2,Team A,0,USP-S,pistol,1,01JSKM0JXBNKZETBYV2BZBJ1M9,324954a3ba732f18
188584,154283,17,44,1,100,56,100,99,76561199063068840,3,Team B,0,76561198053126645,2,Team A,0,Desert Eagle,pistol,3,01JSKM0J6EK1NRBC6A4648APPZ,324954a3ba732f18
188742,154413,17,12,0,12,0,0,0,76561198016255205,2,Team A,0,76561198176878303,3,Team B,0,HE Grenade,grenade,0,01JSKM0JXHTPEA42X5N98RZ3SB,324954a3ba732f18
189331,154915,17,34,0,100,66,0,0,76561198053126645,2,Team A,0,76561199063068840,3,Team B,0,AK-47,rifle,2,01JSKM0JEW23FBFAPAHQ92YQGJ,324954a3ba732f18
189342,154921,17,43,0,66,23,0,0,76561198053126645,2,Team A,0,76561199063068840,3,Team B,0,AK-47,rifle,3,01JSKM0JEW23FBFAPAHQ92YQGJ,324954a3ba732f18
189351,154928,17,23,0,23,0,0,0,76561198053126645,2,Team A,0,76561199063068840,3,Team B,0,AK-47,rifle,3,01JSKM0JEW23FBFAPAHQ92YQGJ,324954a3ba732f18
192663,157420,18,100,1,100,0,65,64,76561199063068840,3,Team B,0,76561198001151695,2,Team A,0,AWP,sniper,2,01JSKM0K98WEJZFSB54AYP3Q80,324954a3ba732f18
194296,158772,18,89,19,100,11,90,71,76561198050250233,3,Team B,0,76561198150673360,2,Team A,0,M4A1,rifle,1,01JSKM0K97XC37XX0J6MHSEV19,324954a3ba732f18
194311,158785,18,11,5,11,0,71,66,76561198050250233,3,Team B,0,76561198150673360,2,Team A,0,M4A1,rifle,2,01JSKM0K97XC37XX0J6MHSEV19,324954a3ba732f18
195581,159877,18,24,16,100,76,99,83,76561198050250233,3,Team B,0,76561198053126645,2,Team A,0,HE Grenade,grenade,0,01JSKM0GN8E98JCJHR2EQV2YVD,324954a3ba732f18
195731,160001,18,27,3,100,73,100,97,76561198283989223,2,Team A,0,76561199063068840,3,Team B,0,AK-47,rifle,5,01JSKM0FBG66VMRRRWYZ4FHEQ8,324954a3ba732f18
195738,160006,18,100,1,100,0,100,99,76561199063068840,3,Team B,0,76561198283989223,2,Team A,0,AWP,sniper,2,01JSKM0K98WEJZFSB54AYP3Q80,324954a3ba732f18
195864,160111,18,2,0,100,98,100,100,76561198053126645,2,Team A,0,76561198176878303,3,Team B,0,Molotov,grenade,0,01JSKM0GP35YCKAXWVNDFRCAP5,324954a3ba732f18
195877,160121,18,27,3,76,49,83,80,76561198050250233,3,Team B,0,76561198053126645,2,Team A,0,AK-47,rifle,5,01JSKM0HBY59V1AXYFAHWZTWAY,324954a3ba732f18
195880,160124,18,3,0,98,95,100,100,76561198053126645,2,Team A,0,76561198176878303,3,Team B,0,Molotov,grenade,0,01JSKM0GP35YCKAXWVNDFRCAP5,324954a3ba732f18
195885,160128,18,27,3,49,22,80,77,76561198050250233,3,Team B,0,76561198053126645,2,Team A,0,AK-47,rifle,2,01JSKM0HBY59V1AXYFAHWZTWAY,324954a3ba732f18
195892,160134,18,100,0,100,0,100,100,76561198053126645,2,Team A,0,76561198050250233,3,Team B,0,AK-47,rifle,1,01JSKM0JEW23FBFAPAHQ92YQGJ,324954a3ba732f18
195894,160136,18,4,0,95,91,100,100,76561198053126645,2,Team A,0,76561198176878303,3,Team B,0,Molotov,grenade,0,01JSKM0GP35YCKAXWVNDFRCAP5,324954a3ba732f18
195907,160149,18,4,0,91,87,100,100,76561198053126645,2,Team A,0,76561198176878303,3,Team B,0,Molotov,grenade,0,01JSKM0GP35YCKAXWVNDFRCAP5,324954a3ba732f18
195922,160162,18,5,0,87,82,100,100,76561198053126645,2,Team A,0,76561198176878303,3,Team B,0,Molotov,grenade,0,01JSKM0GP35YCKAXWVNDFRCAP5,324954a3ba732f18
195936,160175,18,6,0,82,76,100,100,76561198053126645,2,Team A,0,76561198176878303,3,Team B,0,Molotov,grenade,0,01JSKM0GP35YCKAXWVNDFRCAP5,324954a3ba732f18
195950,160188,18,7,0,76,69,100,100,76561198053126645,2,Team A,0,76561198176878303,3,Team B,0,Molotov,grenade,0,01JSKM0GP35YCKAXWVNDFRCAP5,324954a3ba732f18
195963,160200,18,8,0,69,61,100,100,76561198053126645,2,Team A,0,76561198176878303,3,Team B,0,Molotov,grenade,0,01JSKM0GP35YCKAXWVNDFRCAP5,324954a3ba732f18
195979,160213,18,8,0,61,53,100,100,76561198053126645,2,Team A,0,76561198176878303,3,Team B,0,Molotov,grenade,0,01JSKM0GP35YCKAXWVNDFRCAP5,324954a3ba732f18
196002,160233,18,34,4,53,19,100,96,76561198053126645,2,Team A,0,76561198176878303,3,Team B,0,AK-47,rifle,3,01JSKM0JEW23FBFAPAHQ92YQGJ,324954a3ba732f18
196007,160237,18,22,19,22,0,77,58,76561198176878303,3,Team B,0,76561198053126645,2,Team A,0,M4A4,rifle,1,01JSKM0GY3VM8K8G025JK9NDCD,324954a3ba732f18
210166,171950,19,1,0,100,99,100,100,76561198001151695,2,Team A,0,76561198050250233,3,Team B,0,Molotov,grenade,0,01JSKM0H9M8VGG77J27BTQJ4W4,324954a3ba732f18
210180,171963,19,2,0,99,97,100,100,76561198001151695,2,Team A,0,76561198050250233,3,Team B,0,Molotov,grenade,0,01JSKM0H9M8VGG77J27BTQJ4W4,324954a3ba732f18
210294,172064,19,26,0,97,71,100,100,76561198150673360,2,Team A,0,76561198050250233,3,Team B,0,AK-47,rifle,6,01JSKM0JXWDXN7YV7RANG2DKJN,324954a3ba732f18
210301,172070,19,27,4,71,44,100,96,76561198150673360,2,Team A,0,76561198050250233,3,Team B,0,AK-47,rifle,2,01JSKM0JXWDXN7YV7RANG2DKJN,324954a3ba732f18
210308,172076,19,27,4,44,17,96,92,76561198150673360,2,Team A,0,76561198050250233,3,Team B,0,AK-47,rifle,2,01JSKM0JXWDXN7YV7RANG2DKJN,324954a3ba732f18
210317,172083,19,17,4,17,0,92,88,76561198150673360,2,Team A,0,76561198050250233,3,Team B,0,AK-47,rifle,2,01JSKM0JXWDXN7YV7RANG2DKJN,324954a3ba732f18
210324,172090,19,27,3,100,73,100,97,76561198176878303,3,Team B,0,76561198150673360,2,Team A,0,AK-47,rifle,2,01JSKM0HBY59V1AXYFAHWZTWAY,324954a3ba732f18
210331,172097,19,27,3,73,46,97,94,76561198176878303,3,Team B,0,76561198150673360,2,Team A,0,AK-47,rifle,2,01JSKM0HBY59V1AXYFAHWZTWAY,324954a3ba732f18
210338,172103,19,46,15,46,0,94,79,76561198176878303,3,Team B,0,76561198150673360,2,Team A,0,AK-47,rifle,1,01JSKM0HBY59V1AXYFAHWZTWAY,324954a3ba732f18
210353,172116,19,16,2,100,84,100,98,76561198001151695,2,Team A,0,76561198013243326,3,Team B,0,AK-47,rifle,3,01JSKM0KP65D5DEWR39EYKNHZA,324954a3ba732f18
212990,174388,19,43,29,100,57,96,67,76561198053126645,2,Team A,0,76561198176878303,3,Team B,0,HE Grenade,grenade,0,01JSKM0KP65D5DEWR39C70RYX2,324954a3ba732f18
213013,174409,19,3,0,57,54,67,67,76561198001151695,2,Team A,0,76561198176878303,3,Team B,0,AK-47,rifle,5,01JSKM0KP65D5DEWR39EYKNHZA,324954a3ba732f18
213026,174420,19,31,6,100,69,100,94,76561198013243326,3,Team B,0,76561198053126645,2,Team A,0,M4A1,rifle,3,01JSKM0K99H96MNXSP975MQ8VS,324954a3ba732f18
213032,174426,19,25,5,69,44,94,89,76561198013243326,3,Team B,0,76561198053126645,2,Team A,0,M4A1,rifle,2,01JSKM0K99H96MNXSP975MQ8VS,324954a3ba732f18
213036,174429,19,84,15,84,0,98,83,76561198053126645,2,Team A,0,76561198013243326,3,Team B,0,AK-47,rifle,1,01JSKM0J3Z3XS3E6CET52BY3MX,324954a3ba732f18
213147,174527,19,54,1,54,0,67,66,76561198283989223,2,Team A,0,76561198176878303,3,Team B,0,AWP,sniper,3,01JSKM0K9AAXB41RM4Z45MFDQV,324954a3ba732f18
213616,174929,19,100,0,100,0,97,97,76561198016255205,2,Team A,0,76561199063068840,3,Team B,0,AK-47,rifle,1,01JSKM0JEFB0A9SSB2HSGD46ZE,324954a3ba732f18
214776,175950,19,27,3,100,73,100,97,76561198053126645,2,Team A,0,76561198246607476,3,Team B,0,AK-47,rifle,2,01JSKM0J3Z3XS3E6CET52BY3MX,324954a3ba732f18
214782,175956,19,27,3,73,46,97,94,76561198053126645,2,Team A,0,76561198246607476,3,Team B,0,AK-47,rifle,2,01JSKM0J3Z3XS3E6CET52BY3MX,324954a3ba732f18
214790,175963,19,46,15,46,0,94,79,76561198053126645,2,Team A,0,76561198246607476,3,Team B,0,AK-47,rifle,1,01JSKM0J3Z3XS3E6CET52BY3MX,324954a3ba732f18
